-- Roles
INSERT INTO rol (id_rol, nombre) VALUES (1, 'cliente');
INSERT INTO rol (id_rol, nombre) VALUES (2, 'empleado');
INSERT INTO rol (id_rol, nombre) VALUES (3, 'admin');

-- Sucursales
INSERT INTO sucursal (id_sucursal, nombre, direccion) VALUES (1, 'Sucursal 1', 'Calle 1 #123, Ciudad');
INSERT INTO sucursal (id_sucursal, nombre, direccion) VALUES (2, 'Sucursal 2', 'Calle 2 #123, Ciudad');
INSERT INTO sucursal (id_sucursal, nombre, direccion) VALUES (3, 'Sucursal 3', 'Calle 3 #123, Ciudad');
INSERT INTO sucursal (id_sucursal, nombre, direccion) VALUES (4, 'Sucursal 4', 'Calle 4 #123, Ciudad');
INSERT INTO sucursal (id_sucursal, nombre, direccion) VALUES (5, 'Sucursal 5', 'Calle 5 #123, Ciudad');
INSERT INTO sucursal (id_sucursal, nombre, direccion) VALUES (6, 'Sucursal 6', 'Calle 6 #123, Ciudad');
INSERT INTO sucursal (id_sucursal, nombre, direccion) VALUES (7, 'Sucursal 7', 'Calle 7 #123, Ciudad');
INSERT INTO sucursal (id_sucursal, nombre, direccion) VALUES (8, 'Sucursal 8', 'Calle 8 #123, Ciudad');
INSERT INTO sucursal (id_sucursal, nombre, direccion) VALUES (9, 'Sucursal 9', 'Calle 9 #123, Ciudad');
INSERT INTO sucursal (id_sucursal, nombre, direccion) VALUES (10, 'Sucursal 10', 'Calle 10 #123, Ciudad');

-- Usuarios
INSERT INTO usuario (id_usuario, nombre, correo, contrasena_hash, id_rol) VALUES (1, 'Usuario 1', 'usuario.1185@mail.com', 'hash1234', 3);
INSERT INTO usuario (id_usuario, nombre, correo, contrasena_hash, id_rol) VALUES (2, 'Usuario 2', 'usuario.2781@mail.com', 'hash1234', 2);
INSERT INTO usuario (id_usuario, nombre, correo, contrasena_hash, id_rol) VALUES (3, 'Usuario 3', 'usuario.3360@example.com', 'hash1234', 1);
INSERT INTO usuario (id_usuario, nombre, correo, contrasena_hash, id_rol) VALUES (4, 'Usuario 4', 'usuario.4891@example.com', 'hash1234', 3);
INSERT INTO usuario (id_usuario, nombre, correo, contrasena_hash, id_rol) VALUES (5, 'Usuario 5', 'usuario.5674@mail.com', 'hash1234', 1);
INSERT INTO usuario (id_usuario, nombre, correo, contrasena_hash, id_rol) VALUES (6, 'Usuario 6', 'usuario.6146@test.org', 'hash1234', 3);
INSERT INTO usuario (id_usuario, nombre, correo, contrasena_hash, id_rol) VALUES (7, 'Usuario 7', 'usuario.7996@example.com', 'hash1234', 1);
INSERT INTO usuario (id_usuario, nombre, correo, contrasena_hash, id_rol) VALUES (8, 'Usuario 8', 'usuario.8765@test.org', 'hash1234', 1);
INSERT INTO usuario (id_usuario, nombre, correo, contrasena_hash, id_rol) VALUES (9, 'Usuario 9', 'usuario.9386@mail.com', 'hash1234', 2);
INSERT INTO usuario (id_usuario, nombre, correo, contrasena_hash, id_rol) VALUES (10, 'Usuario 10', 'usuario.10350@example.com', 'hash1234', 2);
INSERT INTO usuario (id_usuario, nombre, correo, contrasena_hash, id_rol) VALUES (11, 'Usuario 11', 'usuario.11320@test.org', 'hash1234', 2);
INSERT INTO usuario (id_usuario, nombre, correo, contrasena_hash, id_rol) VALUES (12, 'Usuario 12', 'usuario.12796@test.org', 'hash1234', 3);
INSERT INTO usuario (id_usuario, nombre, correo, contrasena_hash, id_rol) VALUES (13, 'Usuario 13', 'usuario.1387@example.com', 'hash1234', 1);
INSERT INTO usuario (id_usuario, nombre, correo, contrasena_hash, id_rol) VALUES (14, 'Usuario 14', 'usuario.14162@test.org', 'hash1234', 1);
INSERT INTO usuario (id_usuario, nombre, correo, contrasena_hash, id_rol) VALUES (15, 'Usuario 15', 'usuario.15691@example.com', 'hash1234', 2);
INSERT INTO usuario (id_usuario, nombre, correo, contrasena_hash, id_rol) VALUES (16, 'Usuario 16', 'usuario.16454@test.org', 'hash1234', 2);
INSERT INTO usuario (id_usuario, nombre, correo, contrasena_hash, id_rol) VALUES (17, 'Usuario 17', 'usuario.17498@test.org', 'hash1234', 2);
INSERT INTO usuario (id_usuario, nombre, correo, contrasena_hash, id_rol) VALUES (18, 'Usuario 18', 'usuario.18425@mail.com', 'hash1234', 1);
INSERT INTO usuario (id_usuario, nombre, correo, contrasena_hash, id_rol) VALUES (19, 'Usuario 19', 'usuario.19774@test.org', 'hash1234', 1);
INSERT INTO usuario (id_usuario, nombre, correo, contrasena_hash, id_rol) VALUES (20, 'Usuario 20', 'usuario.20354@mail.com', 'hash1234', 1);
INSERT INTO usuario (id_usuario, nombre, correo, contrasena_hash, id_rol) VALUES (21, 'Usuario 21', 'usuario.21291@test.org', 'hash1234', 3);
INSERT INTO usuario (id_usuario, nombre, correo, contrasena_hash, id_rol) VALUES (22, 'Usuario 22', 'usuario.22608@mail.com', 'hash1234', 3);
INSERT INTO usuario (id_usuario, nombre, correo, contrasena_hash, id_rol) VALUES (23, 'Usuario 23', 'usuario.23684@mail.com', 'hash1234', 1);
INSERT INTO usuario (id_usuario, nombre, correo, contrasena_hash, id_rol) VALUES (24, 'Usuario 24', 'usuario.24226@mail.com', 'hash1234', 3);
INSERT INTO usuario (id_usuario, nombre, correo, contrasena_hash, id_rol) VALUES (25, 'Usuario 25', 'usuario.2557@example.com', 'hash1234', 1);
INSERT INTO usuario (id_usuario, nombre, correo, contrasena_hash, id_rol) VALUES (26, 'Usuario 26', 'usuario.26309@example.com', 'hash1234', 1);
INSERT INTO usuario (id_usuario, nombre, correo, contrasena_hash, id_rol) VALUES (27, 'Usuario 27', 'usuario.27783@mail.com', 'hash1234', 2);
INSERT INTO usuario (id_usuario, nombre, correo, contrasena_hash, id_rol) VALUES (28, 'Usuario 28', 'usuario.28336@example.com', 'hash1234', 1);
INSERT INTO usuario (id_usuario, nombre, correo, contrasena_hash, id_rol) VALUES (29, 'Usuario 29', 'usuario.29510@test.org', 'hash1234', 2);
INSERT INTO usuario (id_usuario, nombre, correo, contrasena_hash, id_rol) VALUES (30, 'Usuario 30', 'usuario.30180@example.com', 'hash1234', 2);
INSERT INTO usuario (id_usuario, nombre, correo, contrasena_hash, id_rol) VALUES (31, 'Usuario 31', 'usuario.31546@test.org', 'hash1234', 1);
INSERT INTO usuario (id_usuario, nombre, correo, contrasena_hash, id_rol) VALUES (32, 'Usuario 32', 'usuario.32513@test.org', 'hash1234', 3);
INSERT INTO usuario (id_usuario, nombre, correo, contrasena_hash, id_rol) VALUES (33, 'Usuario 33', 'usuario.33826@mail.com', 'hash1234', 1);
INSERT INTO usuario (id_usuario, nombre, correo, contrasena_hash, id_rol) VALUES (34, 'Usuario 34', 'usuario.34407@test.org', 'hash1234', 1);
INSERT INTO usuario (id_usuario, nombre, correo, contrasena_hash, id_rol) VALUES (35, 'Usuario 35', 'usuario.35447@example.com', 'hash1234', 2);
INSERT INTO usuario (id_usuario, nombre, correo, contrasena_hash, id_rol) VALUES (36, 'Usuario 36', 'usuario.36944@example.com', 'hash1234', 2);
INSERT INTO usuario (id_usuario, nombre, correo, contrasena_hash, id_rol) VALUES (37, 'Usuario 37', 'usuario.37590@mail.com', 'hash1234', 3);
INSERT INTO usuario (id_usuario, nombre, correo, contrasena_hash, id_rol) VALUES (38, 'Usuario 38', 'usuario.38415@test.org', 'hash1234', 3);
INSERT INTO usuario (id_usuario, nombre, correo, contrasena_hash, id_rol) VALUES (39, 'Usuario 39', 'usuario.39428@mail.com', 'hash1234', 1);
INSERT INTO usuario (id_usuario, nombre, correo, contrasena_hash, id_rol) VALUES (40, 'Usuario 40', 'usuario.40415@example.com', 'hash1234', 2);
INSERT INTO usuario (id_usuario, nombre, correo, contrasena_hash, id_rol) VALUES (41, 'Usuario 41', 'usuario.41176@test.org', 'hash1234', 2);
INSERT INTO usuario (id_usuario, nombre, correo, contrasena_hash, id_rol) VALUES (42, 'Usuario 42', 'usuario.42852@test.org', 'hash1234', 2);
INSERT INTO usuario (id_usuario, nombre, correo, contrasena_hash, id_rol) VALUES (43, 'Usuario 43', 'usuario.4391@mail.com', 'hash1234', 1);
INSERT INTO usuario (id_usuario, nombre, correo, contrasena_hash, id_rol) VALUES (44, 'Usuario 44', 'usuario.44250@mail.com', 'hash1234', 3);
INSERT INTO usuario (id_usuario, nombre, correo, contrasena_hash, id_rol) VALUES (45, 'Usuario 45', 'usuario.45411@test.org', 'hash1234', 1);
INSERT INTO usuario (id_usuario, nombre, correo, contrasena_hash, id_rol) VALUES (46, 'Usuario 46', 'usuario.46406@mail.com', 'hash1234', 3);
INSERT INTO usuario (id_usuario, nombre, correo, contrasena_hash, id_rol) VALUES (47, 'Usuario 47', 'usuario.47348@example.com', 'hash1234', 2);
INSERT INTO usuario (id_usuario, nombre, correo, contrasena_hash, id_rol) VALUES (48, 'Usuario 48', 'usuario.48798@example.com', 'hash1234', 1);
INSERT INTO usuario (id_usuario, nombre, correo, contrasena_hash, id_rol) VALUES (49, 'Usuario 49', 'usuario.49523@test.org', 'hash1234', 1);
INSERT INTO usuario (id_usuario, nombre, correo, contrasena_hash, id_rol) VALUES (50, 'Usuario 50', 'usuario.50544@test.org', 'hash1234', 1);
INSERT INTO usuario (id_usuario, nombre, correo, contrasena_hash, id_rol) VALUES (51, 'Usuario 51', 'usuario.51928@mail.com', 'hash1234', 2);
INSERT INTO usuario (id_usuario, nombre, correo, contrasena_hash, id_rol) VALUES (52, 'Usuario 52', 'usuario.52745@test.org', 'hash1234', 1);
INSERT INTO usuario (id_usuario, nombre, correo, contrasena_hash, id_rol) VALUES (53, 'Usuario 53', 'usuario.53242@example.com', 'hash1234', 1);
INSERT INTO usuario (id_usuario, nombre, correo, contrasena_hash, id_rol) VALUES (54, 'Usuario 54', 'usuario.54263@example.com', 'hash1234', 1);
INSERT INTO usuario (id_usuario, nombre, correo, contrasena_hash, id_rol) VALUES (55, 'Usuario 55', 'usuario.55617@example.com', 'hash1234', 3);
INSERT INTO usuario (id_usuario, nombre, correo, contrasena_hash, id_rol) VALUES (56, 'Usuario 56', 'usuario.5678@example.com', 'hash1234', 3);
INSERT INTO usuario (id_usuario, nombre, correo, contrasena_hash, id_rol) VALUES (57, 'Usuario 57', 'usuario.57506@mail.com', 'hash1234', 3);
INSERT INTO usuario (id_usuario, nombre, correo, contrasena_hash, id_rol) VALUES (58, 'Usuario 58', 'usuario.58779@test.org', 'hash1234', 2);
INSERT INTO usuario (id_usuario, nombre, correo, contrasena_hash, id_rol) VALUES (59, 'Usuario 59', 'usuario.59698@test.org', 'hash1234', 3);
INSERT INTO usuario (id_usuario, nombre, correo, contrasena_hash, id_rol) VALUES (60, 'Usuario 60', 'usuario.60651@test.org', 'hash1234', 2);
INSERT INTO usuario (id_usuario, nombre, correo, contrasena_hash, id_rol) VALUES (61, 'Usuario 61', 'usuario.61885@test.org', 'hash1234', 2);
INSERT INTO usuario (id_usuario, nombre, correo, contrasena_hash, id_rol) VALUES (62, 'Usuario 62', 'usuario.62155@mail.com', 'hash1234', 1);
INSERT INTO usuario (id_usuario, nombre, correo, contrasena_hash, id_rol) VALUES (63, 'Usuario 63', 'usuario.63481@mail.com', 'hash1234', 3);
INSERT INTO usuario (id_usuario, nombre, correo, contrasena_hash, id_rol) VALUES (64, 'Usuario 64', 'usuario.64311@mail.com', 'hash1234', 3);
INSERT INTO usuario (id_usuario, nombre, correo, contrasena_hash, id_rol) VALUES (65, 'Usuario 65', 'usuario.6558@mail.com', 'hash1234', 3);
INSERT INTO usuario (id_usuario, nombre, correo, contrasena_hash, id_rol) VALUES (66, 'Usuario 66', 'usuario.6676@mail.com', 'hash1234', 2);
INSERT INTO usuario (id_usuario, nombre, correo, contrasena_hash, id_rol) VALUES (67, 'Usuario 67', 'usuario.67463@example.com', 'hash1234', 1);
INSERT INTO usuario (id_usuario, nombre, correo, contrasena_hash, id_rol) VALUES (68, 'Usuario 68', 'usuario.68378@mail.com', 'hash1234', 1);
INSERT INTO usuario (id_usuario, nombre, correo, contrasena_hash, id_rol) VALUES (69, 'Usuario 69', 'usuario.69661@example.com', 'hash1234', 3);
INSERT INTO usuario (id_usuario, nombre, correo, contrasena_hash, id_rol) VALUES (70, 'Usuario 70', 'usuario.70609@test.org', 'hash1234', 2);
INSERT INTO usuario (id_usuario, nombre, correo, contrasena_hash, id_rol) VALUES (71, 'Usuario 71', 'usuario.71474@test.org', 'hash1234', 3);
INSERT INTO usuario (id_usuario, nombre, correo, contrasena_hash, id_rol) VALUES (72, 'Usuario 72', 'usuario.72978@test.org', 'hash1234', 1);
INSERT INTO usuario (id_usuario, nombre, correo, contrasena_hash, id_rol) VALUES (73, 'Usuario 73', 'usuario.73461@test.org', 'hash1234', 3);
INSERT INTO usuario (id_usuario, nombre, correo, contrasena_hash, id_rol) VALUES (74, 'Usuario 74', 'usuario.74193@mail.com', 'hash1234', 3);
INSERT INTO usuario (id_usuario, nombre, correo, contrasena_hash, id_rol) VALUES (75, 'Usuario 75', 'usuario.75488@test.org', 'hash1234', 1);
INSERT INTO usuario (id_usuario, nombre, correo, contrasena_hash, id_rol) VALUES (76, 'Usuario 76', 'usuario.76981@example.com', 'hash1234', 2);
INSERT INTO usuario (id_usuario, nombre, correo, contrasena_hash, id_rol) VALUES (77, 'Usuario 77', 'usuario.77106@mail.com', 'hash1234', 3);
INSERT INTO usuario (id_usuario, nombre, correo, contrasena_hash, id_rol) VALUES (78, 'Usuario 78', 'usuario.7887@test.org', 'hash1234', 3);
INSERT INTO usuario (id_usuario, nombre, correo, contrasena_hash, id_rol) VALUES (79, 'Usuario 79', 'usuario.79177@example.com', 'hash1234', 1);
INSERT INTO usuario (id_usuario, nombre, correo, contrasena_hash, id_rol) VALUES (80, 'Usuario 80', 'usuario.80725@mail.com', 'hash1234', 2);
INSERT INTO usuario (id_usuario, nombre, correo, contrasena_hash, id_rol) VALUES (81, 'Usuario 81', 'usuario.81537@test.org', 'hash1234', 3);
INSERT INTO usuario (id_usuario, nombre, correo, contrasena_hash, id_rol) VALUES (82, 'Usuario 82', 'usuario.82163@mail.com', 'hash1234', 2);
INSERT INTO usuario (id_usuario, nombre, correo, contrasena_hash, id_rol) VALUES (83, 'Usuario 83', 'usuario.83940@mail.com', 'hash1234', 2);
INSERT INTO usuario (id_usuario, nombre, correo, contrasena_hash, id_rol) VALUES (84, 'Usuario 84', 'usuario.84419@mail.com', 'hash1234', 3);
INSERT INTO usuario (id_usuario, nombre, correo, contrasena_hash, id_rol) VALUES (85, 'Usuario 85', 'usuario.85613@example.com', 'hash1234', 3);
INSERT INTO usuario (id_usuario, nombre, correo, contrasena_hash, id_rol) VALUES (86, 'Usuario 86', 'usuario.86663@mail.com', 'hash1234', 1);
INSERT INTO usuario (id_usuario, nombre, correo, contrasena_hash, id_rol) VALUES (87, 'Usuario 87', 'usuario.87338@example.com', 'hash1234', 3);
INSERT INTO usuario (id_usuario, nombre, correo, contrasena_hash, id_rol) VALUES (88, 'Usuario 88', 'usuario.88695@mail.com', 'hash1234', 2);
INSERT INTO usuario (id_usuario, nombre, correo, contrasena_hash, id_rol) VALUES (89, 'Usuario 89', 'usuario.89259@test.org', 'hash1234', 3);
INSERT INTO usuario (id_usuario, nombre, correo, contrasena_hash, id_rol) VALUES (90, 'Usuario 90', 'usuario.90988@test.org', 'hash1234', 1);
INSERT INTO usuario (id_usuario, nombre, correo, contrasena_hash, id_rol) VALUES (91, 'Usuario 91', 'usuario.91342@example.com', 'hash1234', 3);
INSERT INTO usuario (id_usuario, nombre, correo, contrasena_hash, id_rol) VALUES (92, 'Usuario 92', 'usuario.92680@example.com', 'hash1234', 2);
INSERT INTO usuario (id_usuario, nombre, correo, contrasena_hash, id_rol) VALUES (93, 'Usuario 93', 'usuario.93318@test.org', 'hash1234', 3);
INSERT INTO usuario (id_usuario, nombre, correo, contrasena_hash, id_rol) VALUES (94, 'Usuario 94', 'usuario.94679@mail.com', 'hash1234', 1);
INSERT INTO usuario (id_usuario, nombre, correo, contrasena_hash, id_rol) VALUES (95, 'Usuario 95', 'usuario.95610@test.org', 'hash1234', 1);
INSERT INTO usuario (id_usuario, nombre, correo, contrasena_hash, id_rol) VALUES (96, 'Usuario 96', 'usuario.96318@test.org', 'hash1234', 2);
INSERT INTO usuario (id_usuario, nombre, correo, contrasena_hash, id_rol) VALUES (97, 'Usuario 97', 'usuario.97659@mail.com', 'hash1234', 1);
INSERT INTO usuario (id_usuario, nombre, correo, contrasena_hash, id_rol) VALUES (98, 'Usuario 98', 'usuario.98687@test.org', 'hash1234', 3);
INSERT INTO usuario (id_usuario, nombre, correo, contrasena_hash, id_rol) VALUES (99, 'Usuario 99', 'usuario.99702@test.org', 'hash1234', 1);
INSERT INTO usuario (id_usuario, nombre, correo, contrasena_hash, id_rol) VALUES (100, 'Usuario 100', 'usuario.100662@test.org', 'hash1234', 2);
INSERT INTO usuario (id_usuario, nombre, correo, contrasena_hash, id_rol) VALUES (101, 'Usuario 101', 'usuario.101521@mail.com', 'hash1234', 1);
INSERT INTO usuario (id_usuario, nombre, correo, contrasena_hash, id_rol) VALUES (102, 'Usuario 102', 'usuario.102372@mail.com', 'hash1234', 1);
INSERT INTO usuario (id_usuario, nombre, correo, contrasena_hash, id_rol) VALUES (103, 'Usuario 103', 'usuario.103974@example.com', 'hash1234', 2);
INSERT INTO usuario (id_usuario, nombre, correo, contrasena_hash, id_rol) VALUES (104, 'Usuario 104', 'usuario.104971@mail.com', 'hash1234', 1);
INSERT INTO usuario (id_usuario, nombre, correo, contrasena_hash, id_rol) VALUES (105, 'Usuario 105', 'usuario.105232@example.com', 'hash1234', 1);
INSERT INTO usuario (id_usuario, nombre, correo, contrasena_hash, id_rol) VALUES (106, 'Usuario 106', 'usuario.10680@mail.com', 'hash1234', 1);
INSERT INTO usuario (id_usuario, nombre, correo, contrasena_hash, id_rol) VALUES (107, 'Usuario 107', 'usuario.107520@test.org', 'hash1234', 3);
INSERT INTO usuario (id_usuario, nombre, correo, contrasena_hash, id_rol) VALUES (108, 'Usuario 108', 'usuario.108905@test.org', 'hash1234', 1);
INSERT INTO usuario (id_usuario, nombre, correo, contrasena_hash, id_rol) VALUES (109, 'Usuario 109', 'usuario.109678@mail.com', 'hash1234', 3);
INSERT INTO usuario (id_usuario, nombre, correo, contrasena_hash, id_rol) VALUES (110, 'Usuario 110', 'usuario.110135@test.org', 'hash1234', 2);
INSERT INTO usuario (id_usuario, nombre, correo, contrasena_hash, id_rol) VALUES (111, 'Usuario 111', 'usuario.111158@example.com', 'hash1234', 1);
INSERT INTO usuario (id_usuario, nombre, correo, contrasena_hash, id_rol) VALUES (112, 'Usuario 112', 'usuario.112852@test.org', 'hash1234', 3);
INSERT INTO usuario (id_usuario, nombre, correo, contrasena_hash, id_rol) VALUES (113, 'Usuario 113', 'usuario.113829@example.com', 'hash1234', 3);
INSERT INTO usuario (id_usuario, nombre, correo, contrasena_hash, id_rol) VALUES (114, 'Usuario 114', 'usuario.114449@example.com', 'hash1234', 2);
INSERT INTO usuario (id_usuario, nombre, correo, contrasena_hash, id_rol) VALUES (115, 'Usuario 115', 'usuario.115374@test.org', 'hash1234', 3);
INSERT INTO usuario (id_usuario, nombre, correo, contrasena_hash, id_rol) VALUES (116, 'Usuario 116', 'usuario.116244@mail.com', 'hash1234', 3);
INSERT INTO usuario (id_usuario, nombre, correo, contrasena_hash, id_rol) VALUES (117, 'Usuario 117', 'usuario.117292@test.org', 'hash1234', 2);
INSERT INTO usuario (id_usuario, nombre, correo, contrasena_hash, id_rol) VALUES (118, 'Usuario 118', 'usuario.118240@test.org', 'hash1234', 1);
INSERT INTO usuario (id_usuario, nombre, correo, contrasena_hash, id_rol) VALUES (119, 'Usuario 119', 'usuario.119317@mail.com', 'hash1234', 1);
INSERT INTO usuario (id_usuario, nombre, correo, contrasena_hash, id_rol) VALUES (120, 'Usuario 120', 'usuario.120377@test.org', 'hash1234', 3);
INSERT INTO usuario (id_usuario, nombre, correo, contrasena_hash, id_rol) VALUES (121, 'Usuario 121', 'usuario.121452@mail.com', 'hash1234', 2);
INSERT INTO usuario (id_usuario, nombre, correo, contrasena_hash, id_rol) VALUES (122, 'Usuario 122', 'usuario.122797@mail.com', 'hash1234', 3);
INSERT INTO usuario (id_usuario, nombre, correo, contrasena_hash, id_rol) VALUES (123, 'Usuario 123', 'usuario.123541@mail.com', 'hash1234', 1);
INSERT INTO usuario (id_usuario, nombre, correo, contrasena_hash, id_rol) VALUES (124, 'Usuario 124', 'usuario.124837@example.com', 'hash1234', 3);
INSERT INTO usuario (id_usuario, nombre, correo, contrasena_hash, id_rol) VALUES (125, 'Usuario 125', 'usuario.125142@mail.com', 'hash1234', 1);
INSERT INTO usuario (id_usuario, nombre, correo, contrasena_hash, id_rol) VALUES (126, 'Usuario 126', 'usuario.126657@mail.com', 'hash1234', 2);
INSERT INTO usuario (id_usuario, nombre, correo, contrasena_hash, id_rol) VALUES (127, 'Usuario 127', 'usuario.127568@example.com', 'hash1234', 3);
INSERT INTO usuario (id_usuario, nombre, correo, contrasena_hash, id_rol) VALUES (128, 'Usuario 128', 'usuario.128867@test.org', 'hash1234', 1);
INSERT INTO usuario (id_usuario, nombre, correo, contrasena_hash, id_rol) VALUES (129, 'Usuario 129', 'usuario.129292@example.com', 'hash1234', 1);
INSERT INTO usuario (id_usuario, nombre, correo, contrasena_hash, id_rol) VALUES (130, 'Usuario 130', 'usuario.130280@mail.com', 'hash1234', 3);
INSERT INTO usuario (id_usuario, nombre, correo, contrasena_hash, id_rol) VALUES (131, 'Usuario 131', 'usuario.131151@mail.com', 'hash1234', 1);
INSERT INTO usuario (id_usuario, nombre, correo, contrasena_hash, id_rol) VALUES (132, 'Usuario 132', 'usuario.132970@example.com', 'hash1234', 2);
INSERT INTO usuario (id_usuario, nombre, correo, contrasena_hash, id_rol) VALUES (133, 'Usuario 133', 'usuario.133906@mail.com', 'hash1234', 1);
INSERT INTO usuario (id_usuario, nombre, correo, contrasena_hash, id_rol) VALUES (134, 'Usuario 134', 'usuario.134425@example.com', 'hash1234', 2);
INSERT INTO usuario (id_usuario, nombre, correo, contrasena_hash, id_rol) VALUES (135, 'Usuario 135', 'usuario.135515@mail.com', 'hash1234', 1);
INSERT INTO usuario (id_usuario, nombre, correo, contrasena_hash, id_rol) VALUES (136, 'Usuario 136', 'usuario.136396@example.com', 'hash1234', 2);
INSERT INTO usuario (id_usuario, nombre, correo, contrasena_hash, id_rol) VALUES (137, 'Usuario 137', 'usuario.137230@example.com', 'hash1234', 2);
INSERT INTO usuario (id_usuario, nombre, correo, contrasena_hash, id_rol) VALUES (138, 'Usuario 138', 'usuario.138954@example.com', 'hash1234', 3);
INSERT INTO usuario (id_usuario, nombre, correo, contrasena_hash, id_rol) VALUES (139, 'Usuario 139', 'usuario.139666@mail.com', 'hash1234', 1);
INSERT INTO usuario (id_usuario, nombre, correo, contrasena_hash, id_rol) VALUES (140, 'Usuario 140', 'usuario.140141@example.com', 'hash1234', 2);
INSERT INTO usuario (id_usuario, nombre, correo, contrasena_hash, id_rol) VALUES (141, 'Usuario 141', 'usuario.141940@mail.com', 'hash1234', 3);
INSERT INTO usuario (id_usuario, nombre, correo, contrasena_hash, id_rol) VALUES (142, 'Usuario 142', 'usuario.142852@example.com', 'hash1234', 3);
INSERT INTO usuario (id_usuario, nombre, correo, contrasena_hash, id_rol) VALUES (143, 'Usuario 143', 'usuario.143481@mail.com', 'hash1234', 3);
INSERT INTO usuario (id_usuario, nombre, correo, contrasena_hash, id_rol) VALUES (144, 'Usuario 144', 'usuario.1446@example.com', 'hash1234', 1);
INSERT INTO usuario (id_usuario, nombre, correo, contrasena_hash, id_rol) VALUES (145, 'Usuario 145', 'usuario.145263@example.com', 'hash1234', 1);
INSERT INTO usuario (id_usuario, nombre, correo, contrasena_hash, id_rol) VALUES (146, 'Usuario 146', 'usuario.146562@test.org', 'hash1234', 3);
INSERT INTO usuario (id_usuario, nombre, correo, contrasena_hash, id_rol) VALUES (147, 'Usuario 147', 'usuario.147541@mail.com', 'hash1234', 1);
INSERT INTO usuario (id_usuario, nombre, correo, contrasena_hash, id_rol) VALUES (148, 'Usuario 148', 'usuario.148795@mail.com', 'hash1234', 1);
INSERT INTO usuario (id_usuario, nombre, correo, contrasena_hash, id_rol) VALUES (149, 'Usuario 149', 'usuario.149309@example.com', 'hash1234', 1);
INSERT INTO usuario (id_usuario, nombre, correo, contrasena_hash, id_rol) VALUES (150, 'Usuario 150', 'usuario.150245@mail.com', 'hash1234', 3);
INSERT INTO usuario (id_usuario, nombre, correo, contrasena_hash, id_rol) VALUES (151, 'Usuario 151', 'usuario.151813@test.org', 'hash1234', 2);
INSERT INTO usuario (id_usuario, nombre, correo, contrasena_hash, id_rol) VALUES (152, 'Usuario 152', 'usuario.15265@example.com', 'hash1234', 2);
INSERT INTO usuario (id_usuario, nombre, correo, contrasena_hash, id_rol) VALUES (153, 'Usuario 153', 'usuario.153612@test.org', 'hash1234', 1);
INSERT INTO usuario (id_usuario, nombre, correo, contrasena_hash, id_rol) VALUES (154, 'Usuario 154', 'usuario.154648@test.org', 'hash1234', 3);
INSERT INTO usuario (id_usuario, nombre, correo, contrasena_hash, id_rol) VALUES (155, 'Usuario 155', 'usuario.155248@test.org', 'hash1234', 1);
INSERT INTO usuario (id_usuario, nombre, correo, contrasena_hash, id_rol) VALUES (156, 'Usuario 156', 'usuario.156299@mail.com', 'hash1234', 1);
INSERT INTO usuario (id_usuario, nombre, correo, contrasena_hash, id_rol) VALUES (157, 'Usuario 157', 'usuario.157630@mail.com', 'hash1234', 1);
INSERT INTO usuario (id_usuario, nombre, correo, contrasena_hash, id_rol) VALUES (158, 'Usuario 158', 'usuario.158585@mail.com', 'hash1234', 1);
INSERT INTO usuario (id_usuario, nombre, correo, contrasena_hash, id_rol) VALUES (159, 'Usuario 159', 'usuario.159681@test.org', 'hash1234', 1);
INSERT INTO usuario (id_usuario, nombre, correo, contrasena_hash, id_rol) VALUES (160, 'Usuario 160', 'usuario.160537@mail.com', 'hash1234', 1);
INSERT INTO usuario (id_usuario, nombre, correo, contrasena_hash, id_rol) VALUES (161, 'Usuario 161', 'usuario.161977@test.org', 'hash1234', 3);
INSERT INTO usuario (id_usuario, nombre, correo, contrasena_hash, id_rol) VALUES (162, 'Usuario 162', 'usuario.162520@test.org', 'hash1234', 3);
INSERT INTO usuario (id_usuario, nombre, correo, contrasena_hash, id_rol) VALUES (163, 'Usuario 163', 'usuario.16321@mail.com', 'hash1234', 2);
INSERT INTO usuario (id_usuario, nombre, correo, contrasena_hash, id_rol) VALUES (164, 'Usuario 164', 'usuario.16445@test.org', 'hash1234', 2);
INSERT INTO usuario (id_usuario, nombre, correo, contrasena_hash, id_rol) VALUES (165, 'Usuario 165', 'usuario.165383@mail.com', 'hash1234', 3);
INSERT INTO usuario (id_usuario, nombre, correo, contrasena_hash, id_rol) VALUES (166, 'Usuario 166', 'usuario.16617@mail.com', 'hash1234', 1);
INSERT INTO usuario (id_usuario, nombre, correo, contrasena_hash, id_rol) VALUES (167, 'Usuario 167', 'usuario.167354@example.com', 'hash1234', 3);
INSERT INTO usuario (id_usuario, nombre, correo, contrasena_hash, id_rol) VALUES (168, 'Usuario 168', 'usuario.168673@test.org', 'hash1234', 1);
INSERT INTO usuario (id_usuario, nombre, correo, contrasena_hash, id_rol) VALUES (169, 'Usuario 169', 'usuario.169791@test.org', 'hash1234', 3);
INSERT INTO usuario (id_usuario, nombre, correo, contrasena_hash, id_rol) VALUES (170, 'Usuario 170', 'usuario.170775@mail.com', 'hash1234', 1);
INSERT INTO usuario (id_usuario, nombre, correo, contrasena_hash, id_rol) VALUES (171, 'Usuario 171', 'usuario.17146@mail.com', 'hash1234', 3);
INSERT INTO usuario (id_usuario, nombre, correo, contrasena_hash, id_rol) VALUES (172, 'Usuario 172', 'usuario.172347@test.org', 'hash1234', 1);
INSERT INTO usuario (id_usuario, nombre, correo, contrasena_hash, id_rol) VALUES (173, 'Usuario 173', 'usuario.173851@test.org', 'hash1234', 2);
INSERT INTO usuario (id_usuario, nombre, correo, contrasena_hash, id_rol) VALUES (174, 'Usuario 174', 'usuario.174713@mail.com', 'hash1234', 3);
INSERT INTO usuario (id_usuario, nombre, correo, contrasena_hash, id_rol) VALUES (175, 'Usuario 175', 'usuario.175187@example.com', 'hash1234', 1);
INSERT INTO usuario (id_usuario, nombre, correo, contrasena_hash, id_rol) VALUES (176, 'Usuario 176', 'usuario.176734@mail.com', 'hash1234', 1);
INSERT INTO usuario (id_usuario, nombre, correo, contrasena_hash, id_rol) VALUES (177, 'Usuario 177', 'usuario.177301@example.com', 'hash1234', 1);
INSERT INTO usuario (id_usuario, nombre, correo, contrasena_hash, id_rol) VALUES (178, 'Usuario 178', 'usuario.178811@example.com', 'hash1234', 1);
INSERT INTO usuario (id_usuario, nombre, correo, contrasena_hash, id_rol) VALUES (179, 'Usuario 179', 'usuario.179324@mail.com', 'hash1234', 3);
INSERT INTO usuario (id_usuario, nombre, correo, contrasena_hash, id_rol) VALUES (180, 'Usuario 180', 'usuario.180408@test.org', 'hash1234', 2);
INSERT INTO usuario (id_usuario, nombre, correo, contrasena_hash, id_rol) VALUES (181, 'Usuario 181', 'usuario.181260@example.com', 'hash1234', 3);
INSERT INTO usuario (id_usuario, nombre, correo, contrasena_hash, id_rol) VALUES (182, 'Usuario 182', 'usuario.182196@mail.com', 'hash1234', 2);
INSERT INTO usuario (id_usuario, nombre, correo, contrasena_hash, id_rol) VALUES (183, 'Usuario 183', 'usuario.183883@example.com', 'hash1234', 3);
INSERT INTO usuario (id_usuario, nombre, correo, contrasena_hash, id_rol) VALUES (184, 'Usuario 184', 'usuario.184340@mail.com', 'hash1234', 1);
INSERT INTO usuario (id_usuario, nombre, correo, contrasena_hash, id_rol) VALUES (185, 'Usuario 185', 'usuario.185819@mail.com', 'hash1234', 2);
INSERT INTO usuario (id_usuario, nombre, correo, contrasena_hash, id_rol) VALUES (186, 'Usuario 186', 'usuario.186911@mail.com', 'hash1234', 3);
INSERT INTO usuario (id_usuario, nombre, correo, contrasena_hash, id_rol) VALUES (187, 'Usuario 187', 'usuario.187451@mail.com', 'hash1234', 2);
INSERT INTO usuario (id_usuario, nombre, correo, contrasena_hash, id_rol) VALUES (188, 'Usuario 188', 'usuario.188998@example.com', 'hash1234', 2);
INSERT INTO usuario (id_usuario, nombre, correo, contrasena_hash, id_rol) VALUES (189, 'Usuario 189', 'usuario.189709@mail.com', 'hash1234', 2);
INSERT INTO usuario (id_usuario, nombre, correo, contrasena_hash, id_rol) VALUES (190, 'Usuario 190', 'usuario.190947@test.org', 'hash1234', 2);
INSERT INTO usuario (id_usuario, nombre, correo, contrasena_hash, id_rol) VALUES (191, 'Usuario 191', 'usuario.191821@example.com', 'hash1234', 3);
INSERT INTO usuario (id_usuario, nombre, correo, contrasena_hash, id_rol) VALUES (192, 'Usuario 192', 'usuario.192435@example.com', 'hash1234', 2);
INSERT INTO usuario (id_usuario, nombre, correo, contrasena_hash, id_rol) VALUES (193, 'Usuario 193', 'usuario.193617@example.com', 'hash1234', 3);
INSERT INTO usuario (id_usuario, nombre, correo, contrasena_hash, id_rol) VALUES (194, 'Usuario 194', 'usuario.194301@mail.com', 'hash1234', 1);
INSERT INTO usuario (id_usuario, nombre, correo, contrasena_hash, id_rol) VALUES (195, 'Usuario 195', 'usuario.19582@mail.com', 'hash1234', 3);
INSERT INTO usuario (id_usuario, nombre, correo, contrasena_hash, id_rol) VALUES (196, 'Usuario 196', 'usuario.196303@mail.com', 'hash1234', 2);
INSERT INTO usuario (id_usuario, nombre, correo, contrasena_hash, id_rol) VALUES (197, 'Usuario 197', 'usuario.197618@test.org', 'hash1234', 2);
INSERT INTO usuario (id_usuario, nombre, correo, contrasena_hash, id_rol) VALUES (198, 'Usuario 198', 'usuario.198171@test.org', 'hash1234', 2);
INSERT INTO usuario (id_usuario, nombre, correo, contrasena_hash, id_rol) VALUES (199, 'Usuario 199', 'usuario.199360@mail.com', 'hash1234', 1);
INSERT INTO usuario (id_usuario, nombre, correo, contrasena_hash, id_rol) VALUES (200, 'Usuario 200', 'usuario.200745@mail.com', 'hash1234', 3);

-- Usuario-Sucursal
INSERT INTO usuario_sucursal (id_usuario, id_sucursal) VALUES (1, 5);
INSERT INTO usuario_sucursal (id_usuario, id_sucursal) VALUES (2, 1);
INSERT INTO usuario_sucursal (id_usuario, id_sucursal) VALUES (4, 7);
INSERT INTO usuario_sucursal (id_usuario, id_sucursal) VALUES (5, 9);
INSERT INTO usuario_sucursal (id_usuario, id_sucursal) VALUES (6, 3);
INSERT INTO usuario_sucursal (id_usuario, id_sucursal) VALUES (9, 8);
INSERT INTO usuario_sucursal (id_usuario, id_sucursal) VALUES (14, 6);
INSERT INTO usuario_sucursal (id_usuario, id_sucursal) VALUES (15, 7);
INSERT INTO usuario_sucursal (id_usuario, id_sucursal) VALUES (16, 1);
INSERT INTO usuario_sucursal (id_usuario, id_sucursal) VALUES (17, 3);
INSERT INTO usuario_sucursal (id_usuario, id_sucursal) VALUES (18, 8);
INSERT INTO usuario_sucursal (id_usuario, id_sucursal) VALUES (19, 6);
INSERT INTO usuario_sucursal (id_usuario, id_sucursal) VALUES (20, 2);
INSERT INTO usuario_sucursal (id_usuario, id_sucursal) VALUES (21, 3);
INSERT INTO usuario_sucursal (id_usuario, id_sucursal) VALUES (22, 6);
INSERT INTO usuario_sucursal (id_usuario, id_sucursal) VALUES (23, 6);
INSERT INTO usuario_sucursal (id_usuario, id_sucursal) VALUES (24, 5);
INSERT INTO usuario_sucursal (id_usuario, id_sucursal) VALUES (28, 3);
INSERT INTO usuario_sucursal (id_usuario, id_sucursal) VALUES (29, 9);
INSERT INTO usuario_sucursal (id_usuario, id_sucursal) VALUES (30, 9);
INSERT INTO usuario_sucursal (id_usuario, id_sucursal) VALUES (32, 5);
INSERT INTO usuario_sucursal (id_usuario, id_sucursal) VALUES (33, 8);
INSERT INTO usuario_sucursal (id_usuario, id_sucursal) VALUES (35, 5);
INSERT INTO usuario_sucursal (id_usuario, id_sucursal) VALUES (36, 8);
INSERT INTO usuario_sucursal (id_usuario, id_sucursal) VALUES (41, 3);
INSERT INTO usuario_sucursal (id_usuario, id_sucursal) VALUES (42, 8);
INSERT INTO usuario_sucursal (id_usuario, id_sucursal) VALUES (44, 6);
INSERT INTO usuario_sucursal (id_usuario, id_sucursal) VALUES (45, 6);
INSERT INTO usuario_sucursal (id_usuario, id_sucursal) VALUES (46, 2);
INSERT INTO usuario_sucursal (id_usuario, id_sucursal) VALUES (47, 9);
INSERT INTO usuario_sucursal (id_usuario, id_sucursal) VALUES (48, 5);
INSERT INTO usuario_sucursal (id_usuario, id_sucursal) VALUES (50, 3);
INSERT INTO usuario_sucursal (id_usuario, id_sucursal) VALUES (51, 9);
INSERT INTO usuario_sucursal (id_usuario, id_sucursal) VALUES (57, 1);
INSERT INTO usuario_sucursal (id_usuario, id_sucursal) VALUES (58, 9);
INSERT INTO usuario_sucursal (id_usuario, id_sucursal) VALUES (59, 6);
INSERT INTO usuario_sucursal (id_usuario, id_sucursal) VALUES (60, 9);
INSERT INTO usuario_sucursal (id_usuario, id_sucursal) VALUES (62, 2);
INSERT INTO usuario_sucursal (id_usuario, id_sucursal) VALUES (64, 7);
INSERT INTO usuario_sucursal (id_usuario, id_sucursal) VALUES (65, 8);
INSERT INTO usuario_sucursal (id_usuario, id_sucursal) VALUES (66, 7);
INSERT INTO usuario_sucursal (id_usuario, id_sucursal) VALUES (67, 10);
INSERT INTO usuario_sucursal (id_usuario, id_sucursal) VALUES (70, 2);
INSERT INTO usuario_sucursal (id_usuario, id_sucursal) VALUES (71, 8);
INSERT INTO usuario_sucursal (id_usuario, id_sucursal) VALUES (72, 9);
INSERT INTO usuario_sucursal (id_usuario, id_sucursal) VALUES (73, 3);
INSERT INTO usuario_sucursal (id_usuario, id_sucursal) VALUES (74, 10);
INSERT INTO usuario_sucursal (id_usuario, id_sucursal) VALUES (77, 9);
INSERT INTO usuario_sucursal (id_usuario, id_sucursal) VALUES (80, 3);
INSERT INTO usuario_sucursal (id_usuario, id_sucursal) VALUES (81, 3);
INSERT INTO usuario_sucursal (id_usuario, id_sucursal) VALUES (83, 4);
INSERT INTO usuario_sucursal (id_usuario, id_sucursal) VALUES (84, 9);
INSERT INTO usuario_sucursal (id_usuario, id_sucursal) VALUES (85, 2);
INSERT INTO usuario_sucursal (id_usuario, id_sucursal) VALUES (86, 4);
INSERT INTO usuario_sucursal (id_usuario, id_sucursal) VALUES (87, 9);
INSERT INTO usuario_sucursal (id_usuario, id_sucursal) VALUES (88, 3);
INSERT INTO usuario_sucursal (id_usuario, id_sucursal) VALUES (89, 5);
INSERT INTO usuario_sucursal (id_usuario, id_sucursal) VALUES (90, 9);
INSERT INTO usuario_sucursal (id_usuario, id_sucursal) VALUES (92, 3);
INSERT INTO usuario_sucursal (id_usuario, id_sucursal) VALUES (93, 10);
INSERT INTO usuario_sucursal (id_usuario, id_sucursal) VALUES (96, 10);
INSERT INTO usuario_sucursal (id_usuario, id_sucursal) VALUES (97, 10);
INSERT INTO usuario_sucursal (id_usuario, id_sucursal) VALUES (98, 10);
INSERT INTO usuario_sucursal (id_usuario, id_sucursal) VALUES (103, 10);
INSERT INTO usuario_sucursal (id_usuario, id_sucursal) VALUES (104, 4);
INSERT INTO usuario_sucursal (id_usuario, id_sucursal) VALUES (105, 7);
INSERT INTO usuario_sucursal (id_usuario, id_sucursal) VALUES (106, 1);
INSERT INTO usuario_sucursal (id_usuario, id_sucursal) VALUES (107, 9);
INSERT INTO usuario_sucursal (id_usuario, id_sucursal) VALUES (108, 5);
INSERT INTO usuario_sucursal (id_usuario, id_sucursal) VALUES (109, 4);
INSERT INTO usuario_sucursal (id_usuario, id_sucursal) VALUES (110, 7);
INSERT INTO usuario_sucursal (id_usuario, id_sucursal) VALUES (111, 8);
INSERT INTO usuario_sucursal (id_usuario, id_sucursal) VALUES (113, 1);
INSERT INTO usuario_sucursal (id_usuario, id_sucursal) VALUES (115, 7);
INSERT INTO usuario_sucursal (id_usuario, id_sucursal) VALUES (116, 8);
INSERT INTO usuario_sucursal (id_usuario, id_sucursal) VALUES (118, 10);
INSERT INTO usuario_sucursal (id_usuario, id_sucursal) VALUES (120, 6);
INSERT INTO usuario_sucursal (id_usuario, id_sucursal) VALUES (121, 6);
INSERT INTO usuario_sucursal (id_usuario, id_sucursal) VALUES (122, 3);
INSERT INTO usuario_sucursal (id_usuario, id_sucursal) VALUES (123, 9);
INSERT INTO usuario_sucursal (id_usuario, id_sucursal) VALUES (124, 2);
INSERT INTO usuario_sucursal (id_usuario, id_sucursal) VALUES (125, 4);
INSERT INTO usuario_sucursal (id_usuario, id_sucursal) VALUES (126, 2);
INSERT INTO usuario_sucursal (id_usuario, id_sucursal) VALUES (127, 8);
INSERT INTO usuario_sucursal (id_usuario, id_sucursal) VALUES (132, 7);
INSERT INTO usuario_sucursal (id_usuario, id_sucursal) VALUES (133, 7);
INSERT INTO usuario_sucursal (id_usuario, id_sucursal) VALUES (136, 10);
INSERT INTO usuario_sucursal (id_usuario, id_sucursal) VALUES (137, 6);
INSERT INTO usuario_sucursal (id_usuario, id_sucursal) VALUES (140, 9);
INSERT INTO usuario_sucursal (id_usuario, id_sucursal) VALUES (141, 8);
INSERT INTO usuario_sucursal (id_usuario, id_sucursal) VALUES (142, 8);
INSERT INTO usuario_sucursal (id_usuario, id_sucursal) VALUES (145, 9);
INSERT INTO usuario_sucursal (id_usuario, id_sucursal) VALUES (146, 4);
INSERT INTO usuario_sucursal (id_usuario, id_sucursal) VALUES (148, 6);
INSERT INTO usuario_sucursal (id_usuario, id_sucursal) VALUES (151, 8);
INSERT INTO usuario_sucursal (id_usuario, id_sucursal) VALUES (152, 8);
INSERT INTO usuario_sucursal (id_usuario, id_sucursal) VALUES (153, 9);
INSERT INTO usuario_sucursal (id_usuario, id_sucursal) VALUES (156, 3);
INSERT INTO usuario_sucursal (id_usuario, id_sucursal) VALUES (157, 6);
INSERT INTO usuario_sucursal (id_usuario, id_sucursal) VALUES (158, 6);
INSERT INTO usuario_sucursal (id_usuario, id_sucursal) VALUES (160, 1);
INSERT INTO usuario_sucursal (id_usuario, id_sucursal) VALUES (161, 9);
INSERT INTO usuario_sucursal (id_usuario, id_sucursal) VALUES (163, 9);
INSERT INTO usuario_sucursal (id_usuario, id_sucursal) VALUES (164, 2);
INSERT INTO usuario_sucursal (id_usuario, id_sucursal) VALUES (165, 9);
INSERT INTO usuario_sucursal (id_usuario, id_sucursal) VALUES (166, 9);
INSERT INTO usuario_sucursal (id_usuario, id_sucursal) VALUES (167, 10);
INSERT INTO usuario_sucursal (id_usuario, id_sucursal) VALUES (168, 10);
INSERT INTO usuario_sucursal (id_usuario, id_sucursal) VALUES (172, 6);
INSERT INTO usuario_sucursal (id_usuario, id_sucursal) VALUES (173, 9);
INSERT INTO usuario_sucursal (id_usuario, id_sucursal) VALUES (174, 3);
INSERT INTO usuario_sucursal (id_usuario, id_sucursal) VALUES (176, 9);
INSERT INTO usuario_sucursal (id_usuario, id_sucursal) VALUES (177, 9);
INSERT INTO usuario_sucursal (id_usuario, id_sucursal) VALUES (182, 6);
INSERT INTO usuario_sucursal (id_usuario, id_sucursal) VALUES (183, 9);
INSERT INTO usuario_sucursal (id_usuario, id_sucursal) VALUES (184, 3);
INSERT INTO usuario_sucursal (id_usuario, id_sucursal) VALUES (185, 9);
INSERT INTO usuario_sucursal (id_usuario, id_sucursal) VALUES (187, 10);
INSERT INTO usuario_sucursal (id_usuario, id_sucursal) VALUES (188, 3);
INSERT INTO usuario_sucursal (id_usuario, id_sucursal) VALUES (189, 10);
INSERT INTO usuario_sucursal (id_usuario, id_sucursal) VALUES (190, 5);
INSERT INTO usuario_sucursal (id_usuario, id_sucursal) VALUES (191, 6);
INSERT INTO usuario_sucursal (id_usuario, id_sucursal) VALUES (192, 9);
INSERT INTO usuario_sucursal (id_usuario, id_sucursal) VALUES (193, 8);
INSERT INTO usuario_sucursal (id_usuario, id_sucursal) VALUES (194, 10);
INSERT INTO usuario_sucursal (id_usuario, id_sucursal) VALUES (195, 8);
INSERT INTO usuario_sucursal (id_usuario, id_sucursal) VALUES (197, 6);
INSERT INTO usuario_sucursal (id_usuario, id_sucursal) VALUES (198, 2);
INSERT INTO usuario_sucursal (id_usuario, id_sucursal) VALUES (199, 10);
INSERT INTO usuario_sucursal (id_usuario, id_sucursal) VALUES (200, 1);

-- Categorías
INSERT INTO categoria (id_categoria, nombre) VALUES (1, 'Económico');
INSERT INTO categoria (id_categoria, nombre) VALUES (2, 'SUV');
INSERT INTO categoria (id_categoria, nombre) VALUES (3, 'Deportivo');
INSERT INTO categoria (id_categoria, nombre) VALUES (4, 'Familiar');
INSERT INTO categoria (id_categoria, nombre) VALUES (5, 'Camioneta');
INSERT INTO categoria (id_categoria, nombre) VALUES (6, 'Eléctrico');

-- Vehículos
INSERT INTO vehiculo (id_vehiculo, placa, marca, modelo, anio, estado, costo_diario) VALUES (1, 'XYZ0001', 'Nissan', 'Model X', 2013, 'Mantenimiento', 123.95);
INSERT INTO vehiculo (id_vehiculo, placa, marca, modelo, anio, estado, costo_diario) VALUES (2, 'XYZ0002', 'Nissan', 'Model Y', 2012, 'Mantenimiento', 36.16);
INSERT INTO vehiculo (id_vehiculo, placa, marca, modelo, anio, estado, costo_diario) VALUES (3, 'XYZ0003', 'Chevrolet', 'Model B', 2021, 'Mantenimiento', 116.54);
INSERT INTO vehiculo (id_vehiculo, placa, marca, modelo, anio, estado, costo_diario) VALUES (4, 'XYZ0004', 'Chevrolet', 'Model B', 2012, 'Disponible', 98.71);
INSERT INTO vehiculo (id_vehiculo, placa, marca, modelo, anio, estado, costo_diario) VALUES (5, 'XYZ0005', 'Tesla', 'Model A', 2011, 'Disponible', 82.92);
INSERT INTO vehiculo (id_vehiculo, placa, marca, modelo, anio, estado, costo_diario) VALUES (6, 'XYZ0006', 'Chevrolet', 'Model B', 2018, 'Mantenimiento', 54.47);
INSERT INTO vehiculo (id_vehiculo, placa, marca, modelo, anio, estado, costo_diario) VALUES (7, 'XYZ0007', 'Nissan', 'Model Y', 2020, 'Mantenimiento', 117.29);
INSERT INTO vehiculo (id_vehiculo, placa, marca, modelo, anio, estado, costo_diario) VALUES (8, 'XYZ0008', 'Tesla', 'Model B', 2021, 'Disponible', 97.31);
INSERT INTO vehiculo (id_vehiculo, placa, marca, modelo, anio, estado, costo_diario) VALUES (9, 'XYZ0009', 'Tesla', 'Model X', 2021, 'Rentado', 67.65);
INSERT INTO vehiculo (id_vehiculo, placa, marca, modelo, anio, estado, costo_diario) VALUES (10, 'XYZ0010', 'Honda', 'Model X', 2022, 'Rentado', 95.55);
INSERT INTO vehiculo (id_vehiculo, placa, marca, modelo, anio, estado, costo_diario) VALUES (11, 'XYZ0011', 'Tesla', 'Model Z', 2013, 'Mantenimiento', 88.1);
INSERT INTO vehiculo (id_vehiculo, placa, marca, modelo, anio, estado, costo_diario) VALUES (12, 'XYZ0012', 'Honda', 'Model C', 2022, 'Rentado', 56.98);
INSERT INTO vehiculo (id_vehiculo, placa, marca, modelo, anio, estado, costo_diario) VALUES (13, 'XYZ0013', 'Ford', 'Model C', 2011, 'Mantenimiento', 114.6);
INSERT INTO vehiculo (id_vehiculo, placa, marca, modelo, anio, estado, costo_diario) VALUES (14, 'XYZ0014', 'Ford', 'Model X', 2016, 'Mantenimiento', 142.04);
INSERT INTO vehiculo (id_vehiculo, placa, marca, modelo, anio, estado, costo_diario) VALUES (15, 'XYZ0015', 'Tesla', 'Model C', 2014, 'Disponible', 98.82);
INSERT INTO vehiculo (id_vehiculo, placa, marca, modelo, anio, estado, costo_diario) VALUES (16, 'XYZ0016', 'Nissan', 'Model X', 2017, 'Rentado', 144.55);
INSERT INTO vehiculo (id_vehiculo, placa, marca, modelo, anio, estado, costo_diario) VALUES (17, 'XYZ0017', 'Honda', 'Model C', 2006, 'Rentado', 144.64);
INSERT INTO vehiculo (id_vehiculo, placa, marca, modelo, anio, estado, costo_diario) VALUES (18, 'XYZ0018', 'Toyota', 'Model C', 2019, 'Mantenimiento', 60.77);
INSERT INTO vehiculo (id_vehiculo, placa, marca, modelo, anio, estado, costo_diario) VALUES (19, 'XYZ0019', 'Chevrolet', 'Model B', 2011, 'Mantenimiento', 62.54);
INSERT INTO vehiculo (id_vehiculo, placa, marca, modelo, anio, estado, costo_diario) VALUES (20, 'XYZ0020', 'Nissan', 'Model Z', 2013, 'Disponible', 43.11);
INSERT INTO vehiculo (id_vehiculo, placa, marca, modelo, anio, estado, costo_diario) VALUES (21, 'XYZ0021', 'Tesla', 'Model Y', 2012, 'Disponible', 36.09);
INSERT INTO vehiculo (id_vehiculo, placa, marca, modelo, anio, estado, costo_diario) VALUES (22, 'XYZ0022', 'Nissan', 'Model B', 2012, 'Disponible', 42.02);
INSERT INTO vehiculo (id_vehiculo, placa, marca, modelo, anio, estado, costo_diario) VALUES (23, 'XYZ0023', 'Ford', 'Model Z', 2020, 'Disponible', 111.74);
INSERT INTO vehiculo (id_vehiculo, placa, marca, modelo, anio, estado, costo_diario) VALUES (24, 'XYZ0024', 'Honda', 'Model A', 2022, 'Disponible', 78.83);
INSERT INTO vehiculo (id_vehiculo, placa, marca, modelo, anio, estado, costo_diario) VALUES (25, 'XYZ0025', 'Chevrolet', 'Model X', 2011, 'Rentado', 68.54);
INSERT INTO vehiculo (id_vehiculo, placa, marca, modelo, anio, estado, costo_diario) VALUES (26, 'XYZ0026', 'Tesla', 'Model A', 2007, 'Mantenimiento', 98.9);
INSERT INTO vehiculo (id_vehiculo, placa, marca, modelo, anio, estado, costo_diario) VALUES (27, 'XYZ0027', 'Nissan', 'Model Z', 2006, 'Disponible', 80.15);
INSERT INTO vehiculo (id_vehiculo, placa, marca, modelo, anio, estado, costo_diario) VALUES (28, 'XYZ0028', 'Honda', 'Model A', 2017, 'Rentado', 52.36);
INSERT INTO vehiculo (id_vehiculo, placa, marca, modelo, anio, estado, costo_diario) VALUES (29, 'XYZ0029', 'Tesla', 'Model C', 2006, 'Disponible', 65.81);
INSERT INTO vehiculo (id_vehiculo, placa, marca, modelo, anio, estado, costo_diario) VALUES (30, 'XYZ0030', 'Nissan', 'Model A', 2015, 'Rentado', 84.52);
INSERT INTO vehiculo (id_vehiculo, placa, marca, modelo, anio, estado, costo_diario) VALUES (31, 'XYZ0031', 'Tesla', 'Model Y', 2021, 'Rentado', 136.71);
INSERT INTO vehiculo (id_vehiculo, placa, marca, modelo, anio, estado, costo_diario) VALUES (32, 'XYZ0032', 'Honda', 'Model Y', 2019, 'Rentado', 53.14);
INSERT INTO vehiculo (id_vehiculo, placa, marca, modelo, anio, estado, costo_diario) VALUES (33, 'XYZ0033', 'Toyota', 'Model C', 2010, 'Mantenimiento', 85.07);
INSERT INTO vehiculo (id_vehiculo, placa, marca, modelo, anio, estado, costo_diario) VALUES (34, 'XYZ0034', 'Ford', 'Model Z', 2010, 'Disponible', 118.39);
INSERT INTO vehiculo (id_vehiculo, placa, marca, modelo, anio, estado, costo_diario) VALUES (35, 'XYZ0035', 'Ford', 'Model Y', 2011, 'Disponible', 103.31);
INSERT INTO vehiculo (id_vehiculo, placa, marca, modelo, anio, estado, costo_diario) VALUES (36, 'XYZ0036', 'Tesla', 'Model X', 2018, 'Mantenimiento', 69.35);
INSERT INTO vehiculo (id_vehiculo, placa, marca, modelo, anio, estado, costo_diario) VALUES (37, 'XYZ0037', 'Chevrolet', 'Model Z', 2008, 'Disponible', 147.8);
INSERT INTO vehiculo (id_vehiculo, placa, marca, modelo, anio, estado, costo_diario) VALUES (38, 'XYZ0038', 'Chevrolet', 'Model C', 2012, 'Disponible', 61.29);
INSERT INTO vehiculo (id_vehiculo, placa, marca, modelo, anio, estado, costo_diario) VALUES (39, 'XYZ0039', 'Honda', 'Model X', 2013, 'Rentado', 66.23);
INSERT INTO vehiculo (id_vehiculo, placa, marca, modelo, anio, estado, costo_diario) VALUES (40, 'XYZ0040', 'Tesla', 'Model Y', 2005, 'Rentado', 108.44);
INSERT INTO vehiculo (id_vehiculo, placa, marca, modelo, anio, estado, costo_diario) VALUES (41, 'XYZ0041', 'Tesla', 'Model B', 2006, 'Mantenimiento', 44.19);
INSERT INTO vehiculo (id_vehiculo, placa, marca, modelo, anio, estado, costo_diario) VALUES (42, 'XYZ0042', 'Ford', 'Model B', 2017, 'Mantenimiento', 90.3);
INSERT INTO vehiculo (id_vehiculo, placa, marca, modelo, anio, estado, costo_diario) VALUES (43, 'XYZ0043', 'Tesla', 'Model C', 2008, 'Mantenimiento', 139.94);
INSERT INTO vehiculo (id_vehiculo, placa, marca, modelo, anio, estado, costo_diario) VALUES (44, 'XYZ0044', 'Ford', 'Model C', 2024, 'Disponible', 56.3);
INSERT INTO vehiculo (id_vehiculo, placa, marca, modelo, anio, estado, costo_diario) VALUES (45, 'XYZ0045', 'Honda', 'Model X', 2009, 'Rentado', 119.73);
INSERT INTO vehiculo (id_vehiculo, placa, marca, modelo, anio, estado, costo_diario) VALUES (46, 'XYZ0046', 'Nissan', 'Model C', 2018, 'Mantenimiento', 95.91);
INSERT INTO vehiculo (id_vehiculo, placa, marca, modelo, anio, estado, costo_diario) VALUES (47, 'XYZ0047', 'Chevrolet', 'Model Y', 2011, 'Disponible', 111.64);
INSERT INTO vehiculo (id_vehiculo, placa, marca, modelo, anio, estado, costo_diario) VALUES (48, 'XYZ0048', 'Nissan', 'Model A', 2021, 'Rentado', 93.38);
INSERT INTO vehiculo (id_vehiculo, placa, marca, modelo, anio, estado, costo_diario) VALUES (49, 'XYZ0049', 'Ford', 'Model A', 2023, 'Disponible', 37.41);
INSERT INTO vehiculo (id_vehiculo, placa, marca, modelo, anio, estado, costo_diario) VALUES (50, 'XYZ0050', 'Nissan', 'Model Y', 2011, 'Mantenimiento', 94.4);
INSERT INTO vehiculo (id_vehiculo, placa, marca, modelo, anio, estado, costo_diario) VALUES (51, 'XYZ0051', 'Honda', 'Model C', 2021, 'Rentado', 43.95);
INSERT INTO vehiculo (id_vehiculo, placa, marca, modelo, anio, estado, costo_diario) VALUES (52, 'XYZ0052', 'Honda', 'Model Z', 2023, 'Rentado', 40.91);
INSERT INTO vehiculo (id_vehiculo, placa, marca, modelo, anio, estado, costo_diario) VALUES (53, 'XYZ0053', 'Nissan', 'Model X', 2006, 'Rentado', 45.83);
INSERT INTO vehiculo (id_vehiculo, placa, marca, modelo, anio, estado, costo_diario) VALUES (54, 'XYZ0054', 'Chevrolet', 'Model X', 2023, 'Disponible', 97.06);
INSERT INTO vehiculo (id_vehiculo, placa, marca, modelo, anio, estado, costo_diario) VALUES (55, 'XYZ0055', 'Tesla', 'Model C', 2005, 'Rentado', 60.53);
INSERT INTO vehiculo (id_vehiculo, placa, marca, modelo, anio, estado, costo_diario) VALUES (56, 'XYZ0056', 'Toyota', 'Model Z', 2011, 'Mantenimiento', 38.76);
INSERT INTO vehiculo (id_vehiculo, placa, marca, modelo, anio, estado, costo_diario) VALUES (57, 'XYZ0057', 'Chevrolet', 'Model C', 2007, 'Mantenimiento', 149.29);
INSERT INTO vehiculo (id_vehiculo, placa, marca, modelo, anio, estado, costo_diario) VALUES (58, 'XYZ0058', 'Toyota', 'Model X', 2006, 'Rentado', 79.06);
INSERT INTO vehiculo (id_vehiculo, placa, marca, modelo, anio, estado, costo_diario) VALUES (59, 'XYZ0059', 'Honda', 'Model Z', 2018, 'Rentado', 149.14);
INSERT INTO vehiculo (id_vehiculo, placa, marca, modelo, anio, estado, costo_diario) VALUES (60, 'XYZ0060', 'Chevrolet', 'Model X', 2017, 'Rentado', 39.63);
INSERT INTO vehiculo (id_vehiculo, placa, marca, modelo, anio, estado, costo_diario) VALUES (61, 'XYZ0061', 'Tesla', 'Model Y', 2009, 'Mantenimiento', 133.23);
INSERT INTO vehiculo (id_vehiculo, placa, marca, modelo, anio, estado, costo_diario) VALUES (62, 'XYZ0062', 'Toyota', 'Model B', 2022, 'Rentado', 93.46);
INSERT INTO vehiculo (id_vehiculo, placa, marca, modelo, anio, estado, costo_diario) VALUES (63, 'XYZ0063', 'Tesla', 'Model B', 2005, 'Disponible', 147.42);
INSERT INTO vehiculo (id_vehiculo, placa, marca, modelo, anio, estado, costo_diario) VALUES (64, 'XYZ0064', 'Chevrolet', 'Model Z', 2022, 'Rentado', 93.83);
INSERT INTO vehiculo (id_vehiculo, placa, marca, modelo, anio, estado, costo_diario) VALUES (65, 'XYZ0065', 'Honda', 'Model B', 2019, 'Rentado', 48.61);
INSERT INTO vehiculo (id_vehiculo, placa, marca, modelo, anio, estado, costo_diario) VALUES (66, 'XYZ0066', 'Honda', 'Model Z', 2008, 'Disponible', 127.14);
INSERT INTO vehiculo (id_vehiculo, placa, marca, modelo, anio, estado, costo_diario) VALUES (67, 'XYZ0067', 'Chevrolet', 'Model Y', 2005, 'Disponible', 54.73);
INSERT INTO vehiculo (id_vehiculo, placa, marca, modelo, anio, estado, costo_diario) VALUES (68, 'XYZ0068', 'Toyota', 'Model Y', 2006, 'Rentado', 101.73);
INSERT INTO vehiculo (id_vehiculo, placa, marca, modelo, anio, estado, costo_diario) VALUES (69, 'XYZ0069', 'Tesla', 'Model A', 2012, 'Mantenimiento', 35.31);
INSERT INTO vehiculo (id_vehiculo, placa, marca, modelo, anio, estado, costo_diario) VALUES (70, 'XYZ0070', 'Chevrolet', 'Model B', 2022, 'Disponible', 120.53);
INSERT INTO vehiculo (id_vehiculo, placa, marca, modelo, anio, estado, costo_diario) VALUES (71, 'XYZ0071', 'Toyota', 'Model B', 2021, 'Rentado', 58.1);
INSERT INTO vehiculo (id_vehiculo, placa, marca, modelo, anio, estado, costo_diario) VALUES (72, 'XYZ0072', 'Tesla', 'Model Y', 2015, 'Mantenimiento', 101.75);
INSERT INTO vehiculo (id_vehiculo, placa, marca, modelo, anio, estado, costo_diario) VALUES (73, 'XYZ0073', 'Tesla', 'Model C', 2012, 'Rentado', 135.15);
INSERT INTO vehiculo (id_vehiculo, placa, marca, modelo, anio, estado, costo_diario) VALUES (74, 'XYZ0074', 'Tesla', 'Model Y', 2012, 'Rentado', 66.06);
INSERT INTO vehiculo (id_vehiculo, placa, marca, modelo, anio, estado, costo_diario) VALUES (75, 'XYZ0075', 'Toyota', 'Model Y', 2023, 'Mantenimiento', 139.39);
INSERT INTO vehiculo (id_vehiculo, placa, marca, modelo, anio, estado, costo_diario) VALUES (76, 'XYZ0076', 'Tesla', 'Model Z', 2018, 'Mantenimiento', 89.47);
INSERT INTO vehiculo (id_vehiculo, placa, marca, modelo, anio, estado, costo_diario) VALUES (77, 'XYZ0077', 'Ford', 'Model Z', 2017, 'Mantenimiento', 68.25);
INSERT INTO vehiculo (id_vehiculo, placa, marca, modelo, anio, estado, costo_diario) VALUES (78, 'XYZ0078', 'Chevrolet', 'Model X', 2009, 'Rentado', 75.18);
INSERT INTO vehiculo (id_vehiculo, placa, marca, modelo, anio, estado, costo_diario) VALUES (79, 'XYZ0079', 'Nissan', 'Model X', 2012, 'Disponible', 66.09);
INSERT INTO vehiculo (id_vehiculo, placa, marca, modelo, anio, estado, costo_diario) VALUES (80, 'XYZ0080', 'Tesla', 'Model B', 2019, 'Disponible', 97.49);
INSERT INTO vehiculo (id_vehiculo, placa, marca, modelo, anio, estado, costo_diario) VALUES (81, 'XYZ0081', 'Chevrolet', 'Model Y', 2021, 'Disponible', 76.61);
INSERT INTO vehiculo (id_vehiculo, placa, marca, modelo, anio, estado, costo_diario) VALUES (82, 'XYZ0082', 'Ford', 'Model B', 2015, 'Mantenimiento', 39.49);
INSERT INTO vehiculo (id_vehiculo, placa, marca, modelo, anio, estado, costo_diario) VALUES (83, 'XYZ0083', 'Chevrolet', 'Model C', 2007, 'Mantenimiento', 116.95);
INSERT INTO vehiculo (id_vehiculo, placa, marca, modelo, anio, estado, costo_diario) VALUES (84, 'XYZ0084', 'Honda', 'Model A', 2013, 'Rentado', 110.84);
INSERT INTO vehiculo (id_vehiculo, placa, marca, modelo, anio, estado, costo_diario) VALUES (85, 'XYZ0085', 'Nissan', 'Model A', 2007, 'Disponible', 126.56);
INSERT INTO vehiculo (id_vehiculo, placa, marca, modelo, anio, estado, costo_diario) VALUES (86, 'XYZ0086', 'Nissan', 'Model Z', 2022, 'Disponible', 87.53);
INSERT INTO vehiculo (id_vehiculo, placa, marca, modelo, anio, estado, costo_diario) VALUES (87, 'XYZ0087', 'Ford', 'Model C', 2005, 'Disponible', 142.46);
INSERT INTO vehiculo (id_vehiculo, placa, marca, modelo, anio, estado, costo_diario) VALUES (88, 'XYZ0088', 'Tesla', 'Model A', 2020, 'Disponible', 113.48);
INSERT INTO vehiculo (id_vehiculo, placa, marca, modelo, anio, estado, costo_diario) VALUES (89, 'XYZ0089', 'Tesla', 'Model B', 2017, 'Disponible', 96.25);
INSERT INTO vehiculo (id_vehiculo, placa, marca, modelo, anio, estado, costo_diario) VALUES (90, 'XYZ0090', 'Ford', 'Model X', 2019, 'Mantenimiento', 107.85);
INSERT INTO vehiculo (id_vehiculo, placa, marca, modelo, anio, estado, costo_diario) VALUES (91, 'XYZ0091', 'Ford', 'Model C', 2016, 'Mantenimiento', 135.94);
INSERT INTO vehiculo (id_vehiculo, placa, marca, modelo, anio, estado, costo_diario) VALUES (92, 'XYZ0092', 'Chevrolet', 'Model A', 2020, 'Rentado', 139.72);
INSERT INTO vehiculo (id_vehiculo, placa, marca, modelo, anio, estado, costo_diario) VALUES (93, 'XYZ0093', 'Ford', 'Model C', 2018, 'Disponible', 97.5);
INSERT INTO vehiculo (id_vehiculo, placa, marca, modelo, anio, estado, costo_diario) VALUES (94, 'XYZ0094', 'Honda', 'Model Z', 2009, 'Disponible', 61.29);
INSERT INTO vehiculo (id_vehiculo, placa, marca, modelo, anio, estado, costo_diario) VALUES (95, 'XYZ0095', 'Nissan', 'Model Y', 2018, 'Rentado', 48.29);
INSERT INTO vehiculo (id_vehiculo, placa, marca, modelo, anio, estado, costo_diario) VALUES (96, 'XYZ0096', 'Ford', 'Model B', 2017, 'Mantenimiento', 130.0);
INSERT INTO vehiculo (id_vehiculo, placa, marca, modelo, anio, estado, costo_diario) VALUES (97, 'XYZ0097', 'Chevrolet', 'Model Y', 2015, 'Rentado', 121.6);
INSERT INTO vehiculo (id_vehiculo, placa, marca, modelo, anio, estado, costo_diario) VALUES (98, 'XYZ0098', 'Chevrolet', 'Model Z', 2020, 'Rentado', 50.19);
INSERT INTO vehiculo (id_vehiculo, placa, marca, modelo, anio, estado, costo_diario) VALUES (99, 'XYZ0099', 'Ford', 'Model B', 2009, 'Mantenimiento', 95.59);
INSERT INTO vehiculo (id_vehiculo, placa, marca, modelo, anio, estado, costo_diario) VALUES (100, 'XYZ0100', 'Honda', 'Model Y', 2006, 'Mantenimiento', 34.06);
INSERT INTO vehiculo (id_vehiculo, placa, marca, modelo, anio, estado, costo_diario) VALUES (101, 'XYZ0101', 'Toyota', 'Model Z', 2006, 'Disponible', 79.49);
INSERT INTO vehiculo (id_vehiculo, placa, marca, modelo, anio, estado, costo_diario) VALUES (102, 'XYZ0102', 'Tesla', 'Model B', 2007, 'Mantenimiento', 48.12);
INSERT INTO vehiculo (id_vehiculo, placa, marca, modelo, anio, estado, costo_diario) VALUES (103, 'XYZ0103', 'Honda', 'Model Y', 2019, 'Rentado', 37.25);
INSERT INTO vehiculo (id_vehiculo, placa, marca, modelo, anio, estado, costo_diario) VALUES (104, 'XYZ0104', 'Tesla', 'Model Z', 2024, 'Rentado', 109.11);
INSERT INTO vehiculo (id_vehiculo, placa, marca, modelo, anio, estado, costo_diario) VALUES (105, 'XYZ0105', 'Toyota', 'Model A', 2022, 'Mantenimiento', 79.36);
INSERT INTO vehiculo (id_vehiculo, placa, marca, modelo, anio, estado, costo_diario) VALUES (106, 'XYZ0106', 'Toyota', 'Model Y', 2013, 'Mantenimiento', 147.3);
INSERT INTO vehiculo (id_vehiculo, placa, marca, modelo, anio, estado, costo_diario) VALUES (107, 'XYZ0107', 'Toyota', 'Model Y', 2018, 'Disponible', 42.84);
INSERT INTO vehiculo (id_vehiculo, placa, marca, modelo, anio, estado, costo_diario) VALUES (108, 'XYZ0108', 'Toyota', 'Model Y', 2009, 'Disponible', 53.03);
INSERT INTO vehiculo (id_vehiculo, placa, marca, modelo, anio, estado, costo_diario) VALUES (109, 'XYZ0109', 'Nissan', 'Model C', 2016, 'Rentado', 125.39);
INSERT INTO vehiculo (id_vehiculo, placa, marca, modelo, anio, estado, costo_diario) VALUES (110, 'XYZ0110', 'Toyota', 'Model C', 2017, 'Rentado', 97.8);
INSERT INTO vehiculo (id_vehiculo, placa, marca, modelo, anio, estado, costo_diario) VALUES (111, 'XYZ0111', 'Tesla', 'Model B', 2014, 'Mantenimiento', 129.37);
INSERT INTO vehiculo (id_vehiculo, placa, marca, modelo, anio, estado, costo_diario) VALUES (112, 'XYZ0112', 'Toyota', 'Model Z', 2006, 'Disponible', 78.63);
INSERT INTO vehiculo (id_vehiculo, placa, marca, modelo, anio, estado, costo_diario) VALUES (113, 'XYZ0113', 'Chevrolet', 'Model Y', 2020, 'Disponible', 106.41);
INSERT INTO vehiculo (id_vehiculo, placa, marca, modelo, anio, estado, costo_diario) VALUES (114, 'XYZ0114', 'Tesla', 'Model B', 2007, 'Rentado', 131.44);
INSERT INTO vehiculo (id_vehiculo, placa, marca, modelo, anio, estado, costo_diario) VALUES (115, 'XYZ0115', 'Tesla', 'Model C', 2023, 'Disponible', 137.37);
INSERT INTO vehiculo (id_vehiculo, placa, marca, modelo, anio, estado, costo_diario) VALUES (116, 'XYZ0116', 'Toyota', 'Model B', 2011, 'Mantenimiento', 136.51);
INSERT INTO vehiculo (id_vehiculo, placa, marca, modelo, anio, estado, costo_diario) VALUES (117, 'XYZ0117', 'Chevrolet', 'Model C', 2006, 'Disponible', 112.13);
INSERT INTO vehiculo (id_vehiculo, placa, marca, modelo, anio, estado, costo_diario) VALUES (118, 'XYZ0118', 'Ford', 'Model Y', 2023, 'Mantenimiento', 33.95);
INSERT INTO vehiculo (id_vehiculo, placa, marca, modelo, anio, estado, costo_diario) VALUES (119, 'XYZ0119', 'Ford', 'Model A', 2011, 'Mantenimiento', 47.3);
INSERT INTO vehiculo (id_vehiculo, placa, marca, modelo, anio, estado, costo_diario) VALUES (120, 'XYZ0120', 'Tesla', 'Model X', 2007, 'Rentado', 49.49);
INSERT INTO vehiculo (id_vehiculo, placa, marca, modelo, anio, estado, costo_diario) VALUES (121, 'XYZ0121', 'Honda', 'Model Y', 2017, 'Mantenimiento', 137.58);
INSERT INTO vehiculo (id_vehiculo, placa, marca, modelo, anio, estado, costo_diario) VALUES (122, 'XYZ0122', 'Ford', 'Model X', 2009, 'Mantenimiento', 116.9);
INSERT INTO vehiculo (id_vehiculo, placa, marca, modelo, anio, estado, costo_diario) VALUES (123, 'XYZ0123', 'Nissan', 'Model Z', 2016, 'Disponible', 41.72);
INSERT INTO vehiculo (id_vehiculo, placa, marca, modelo, anio, estado, costo_diario) VALUES (124, 'XYZ0124', 'Honda', 'Model A', 2015, 'Mantenimiento', 122.28);
INSERT INTO vehiculo (id_vehiculo, placa, marca, modelo, anio, estado, costo_diario) VALUES (125, 'XYZ0125', 'Nissan', 'Model X', 2015, 'Disponible', 106.09);
INSERT INTO vehiculo (id_vehiculo, placa, marca, modelo, anio, estado, costo_diario) VALUES (126, 'XYZ0126', 'Chevrolet', 'Model X', 2012, 'Rentado', 96.36);
INSERT INTO vehiculo (id_vehiculo, placa, marca, modelo, anio, estado, costo_diario) VALUES (127, 'XYZ0127', 'Chevrolet', 'Model X', 2010, 'Mantenimiento', 100.31);
INSERT INTO vehiculo (id_vehiculo, placa, marca, modelo, anio, estado, costo_diario) VALUES (128, 'XYZ0128', 'Chevrolet', 'Model A', 2024, 'Rentado', 125.77);
INSERT INTO vehiculo (id_vehiculo, placa, marca, modelo, anio, estado, costo_diario) VALUES (129, 'XYZ0129', 'Tesla', 'Model A', 2007, 'Rentado', 48.51);
INSERT INTO vehiculo (id_vehiculo, placa, marca, modelo, anio, estado, costo_diario) VALUES (130, 'XYZ0130', 'Tesla', 'Model Z', 2009, 'Mantenimiento', 76.75);
INSERT INTO vehiculo (id_vehiculo, placa, marca, modelo, anio, estado, costo_diario) VALUES (131, 'XYZ0131', 'Ford', 'Model A', 2007, 'Disponible', 143.16);
INSERT INTO vehiculo (id_vehiculo, placa, marca, modelo, anio, estado, costo_diario) VALUES (132, 'XYZ0132', 'Chevrolet', 'Model C', 2013, 'Disponible', 45.9);
INSERT INTO vehiculo (id_vehiculo, placa, marca, modelo, anio, estado, costo_diario) VALUES (133, 'XYZ0133', 'Honda', 'Model X', 2019, 'Mantenimiento', 96.57);
INSERT INTO vehiculo (id_vehiculo, placa, marca, modelo, anio, estado, costo_diario) VALUES (134, 'XYZ0134', 'Chevrolet', 'Model A', 2005, 'Disponible', 72.47);
INSERT INTO vehiculo (id_vehiculo, placa, marca, modelo, anio, estado, costo_diario) VALUES (135, 'XYZ0135', 'Toyota', 'Model Y', 2024, 'Rentado', 133.65);
INSERT INTO vehiculo (id_vehiculo, placa, marca, modelo, anio, estado, costo_diario) VALUES (136, 'XYZ0136', 'Toyota', 'Model C', 2018, 'Rentado', 123.5);
INSERT INTO vehiculo (id_vehiculo, placa, marca, modelo, anio, estado, costo_diario) VALUES (137, 'XYZ0137', 'Tesla', 'Model Y', 2012, 'Mantenimiento', 92.53);
INSERT INTO vehiculo (id_vehiculo, placa, marca, modelo, anio, estado, costo_diario) VALUES (138, 'XYZ0138', 'Tesla', 'Model X', 2010, 'Disponible', 62.27);
INSERT INTO vehiculo (id_vehiculo, placa, marca, modelo, anio, estado, costo_diario) VALUES (139, 'XYZ0139', 'Ford', 'Model X', 2009, 'Disponible', 50.06);
INSERT INTO vehiculo (id_vehiculo, placa, marca, modelo, anio, estado, costo_diario) VALUES (140, 'XYZ0140', 'Ford', 'Model X', 2014, 'Rentado', 123.92);
INSERT INTO vehiculo (id_vehiculo, placa, marca, modelo, anio, estado, costo_diario) VALUES (141, 'XYZ0141', 'Ford', 'Model C', 2012, 'Mantenimiento', 105.0);
INSERT INTO vehiculo (id_vehiculo, placa, marca, modelo, anio, estado, costo_diario) VALUES (142, 'XYZ0142', 'Nissan', 'Model Y', 2011, 'Rentado', 42.84);
INSERT INTO vehiculo (id_vehiculo, placa, marca, modelo, anio, estado, costo_diario) VALUES (143, 'XYZ0143', 'Ford', 'Model A', 2017, 'Rentado', 130.99);
INSERT INTO vehiculo (id_vehiculo, placa, marca, modelo, anio, estado, costo_diario) VALUES (144, 'XYZ0144', 'Chevrolet', 'Model C', 2019, 'Rentado', 81.67);
INSERT INTO vehiculo (id_vehiculo, placa, marca, modelo, anio, estado, costo_diario) VALUES (145, 'XYZ0145', 'Tesla', 'Model Y', 2009, 'Rentado', 68.48);
INSERT INTO vehiculo (id_vehiculo, placa, marca, modelo, anio, estado, costo_diario) VALUES (146, 'XYZ0146', 'Tesla', 'Model B', 2020, 'Rentado', 51.32);
INSERT INTO vehiculo (id_vehiculo, placa, marca, modelo, anio, estado, costo_diario) VALUES (147, 'XYZ0147', 'Chevrolet', 'Model C', 2014, 'Mantenimiento', 113.39);
INSERT INTO vehiculo (id_vehiculo, placa, marca, modelo, anio, estado, costo_diario) VALUES (148, 'XYZ0148', 'Chevrolet', 'Model Y', 2012, 'Rentado', 75.13);
INSERT INTO vehiculo (id_vehiculo, placa, marca, modelo, anio, estado, costo_diario) VALUES (149, 'XYZ0149', 'Chevrolet', 'Model C', 2008, 'Mantenimiento', 53.98);
INSERT INTO vehiculo (id_vehiculo, placa, marca, modelo, anio, estado, costo_diario) VALUES (150, 'XYZ0150', 'Nissan', 'Model B', 2022, 'Disponible', 144.36);
INSERT INTO vehiculo (id_vehiculo, placa, marca, modelo, anio, estado, costo_diario) VALUES (151, 'XYZ0151', 'Chevrolet', 'Model Z', 2011, 'Rentado', 125.72);
INSERT INTO vehiculo (id_vehiculo, placa, marca, modelo, anio, estado, costo_diario) VALUES (152, 'XYZ0152', 'Tesla', 'Model A', 2018, 'Mantenimiento', 89.92);
INSERT INTO vehiculo (id_vehiculo, placa, marca, modelo, anio, estado, costo_diario) VALUES (153, 'XYZ0153', 'Tesla', 'Model C', 2012, 'Rentado', 109.04);
INSERT INTO vehiculo (id_vehiculo, placa, marca, modelo, anio, estado, costo_diario) VALUES (154, 'XYZ0154', 'Tesla', 'Model X', 2017, 'Disponible', 83.89);
INSERT INTO vehiculo (id_vehiculo, placa, marca, modelo, anio, estado, costo_diario) VALUES (155, 'XYZ0155', 'Nissan', 'Model X', 2023, 'Rentado', 94.12);
INSERT INTO vehiculo (id_vehiculo, placa, marca, modelo, anio, estado, costo_diario) VALUES (156, 'XYZ0156', 'Tesla', 'Model X', 2022, 'Disponible', 124.89);
INSERT INTO vehiculo (id_vehiculo, placa, marca, modelo, anio, estado, costo_diario) VALUES (157, 'XYZ0157', 'Ford', 'Model Z', 2022, 'Mantenimiento', 106.58);
INSERT INTO vehiculo (id_vehiculo, placa, marca, modelo, anio, estado, costo_diario) VALUES (158, 'XYZ0158', 'Toyota', 'Model A', 2012, 'Mantenimiento', 109.76);
INSERT INTO vehiculo (id_vehiculo, placa, marca, modelo, anio, estado, costo_diario) VALUES (159, 'XYZ0159', 'Honda', 'Model Z', 2024, 'Disponible', 97.59);
INSERT INTO vehiculo (id_vehiculo, placa, marca, modelo, anio, estado, costo_diario) VALUES (160, 'XYZ0160', 'Tesla', 'Model Z', 2017, 'Rentado', 145.89);
INSERT INTO vehiculo (id_vehiculo, placa, marca, modelo, anio, estado, costo_diario) VALUES (161, 'XYZ0161', 'Chevrolet', 'Model A', 2005, 'Disponible', 61.05);
INSERT INTO vehiculo (id_vehiculo, placa, marca, modelo, anio, estado, costo_diario) VALUES (162, 'XYZ0162', 'Nissan', 'Model Z', 2021, 'Mantenimiento', 99.66);
INSERT INTO vehiculo (id_vehiculo, placa, marca, modelo, anio, estado, costo_diario) VALUES (163, 'XYZ0163', 'Nissan', 'Model B', 2019, 'Rentado', 76.94);
INSERT INTO vehiculo (id_vehiculo, placa, marca, modelo, anio, estado, costo_diario) VALUES (164, 'XYZ0164', 'Tesla', 'Model Y', 2021, 'Disponible', 71.4);
INSERT INTO vehiculo (id_vehiculo, placa, marca, modelo, anio, estado, costo_diario) VALUES (165, 'XYZ0165', 'Toyota', 'Model X', 2008, 'Rentado', 79.92);
INSERT INTO vehiculo (id_vehiculo, placa, marca, modelo, anio, estado, costo_diario) VALUES (166, 'XYZ0166', 'Toyota', 'Model A', 2009, 'Rentado', 67.43);
INSERT INTO vehiculo (id_vehiculo, placa, marca, modelo, anio, estado, costo_diario) VALUES (167, 'XYZ0167', 'Chevrolet', 'Model B', 2021, 'Rentado', 71.8);
INSERT INTO vehiculo (id_vehiculo, placa, marca, modelo, anio, estado, costo_diario) VALUES (168, 'XYZ0168', 'Toyota', 'Model X', 2019, 'Rentado', 38.06);
INSERT INTO vehiculo (id_vehiculo, placa, marca, modelo, anio, estado, costo_diario) VALUES (169, 'XYZ0169', 'Toyota', 'Model Z', 2008, 'Disponible', 131.9);
INSERT INTO vehiculo (id_vehiculo, placa, marca, modelo, anio, estado, costo_diario) VALUES (170, 'XYZ0170', 'Tesla', 'Model A', 2010, 'Mantenimiento', 59.27);
INSERT INTO vehiculo (id_vehiculo, placa, marca, modelo, anio, estado, costo_diario) VALUES (171, 'XYZ0171', 'Honda', 'Model Y', 2010, 'Rentado', 97.18);
INSERT INTO vehiculo (id_vehiculo, placa, marca, modelo, anio, estado, costo_diario) VALUES (172, 'XYZ0172', 'Chevrolet', 'Model B', 2017, 'Mantenimiento', 52.13);
INSERT INTO vehiculo (id_vehiculo, placa, marca, modelo, anio, estado, costo_diario) VALUES (173, 'XYZ0173', 'Tesla', 'Model Z', 2018, 'Rentado', 33.5);
INSERT INTO vehiculo (id_vehiculo, placa, marca, modelo, anio, estado, costo_diario) VALUES (174, 'XYZ0174', 'Nissan', 'Model B', 2019, 'Mantenimiento', 81.55);
INSERT INTO vehiculo (id_vehiculo, placa, marca, modelo, anio, estado, costo_diario) VALUES (175, 'XYZ0175', 'Toyota', 'Model Z', 2011, 'Disponible', 63.4);
INSERT INTO vehiculo (id_vehiculo, placa, marca, modelo, anio, estado, costo_diario) VALUES (176, 'XYZ0176', 'Tesla', 'Model A', 2023, 'Disponible', 125.94);
INSERT INTO vehiculo (id_vehiculo, placa, marca, modelo, anio, estado, costo_diario) VALUES (177, 'XYZ0177', 'Nissan', 'Model B', 2016, 'Rentado', 53.65);
INSERT INTO vehiculo (id_vehiculo, placa, marca, modelo, anio, estado, costo_diario) VALUES (178, 'XYZ0178', 'Toyota', 'Model C', 2020, 'Mantenimiento', 145.91);
INSERT INTO vehiculo (id_vehiculo, placa, marca, modelo, anio, estado, costo_diario) VALUES (179, 'XYZ0179', 'Ford', 'Model Y', 2017, 'Mantenimiento', 77.11);
INSERT INTO vehiculo (id_vehiculo, placa, marca, modelo, anio, estado, costo_diario) VALUES (180, 'XYZ0180', 'Toyota', 'Model C', 2016, 'Rentado', 104.08);
INSERT INTO vehiculo (id_vehiculo, placa, marca, modelo, anio, estado, costo_diario) VALUES (181, 'XYZ0181', 'Tesla', 'Model Z', 2014, 'Mantenimiento', 100.82);
INSERT INTO vehiculo (id_vehiculo, placa, marca, modelo, anio, estado, costo_diario) VALUES (182, 'XYZ0182', 'Tesla', 'Model B', 2015, 'Disponible', 58.63);
INSERT INTO vehiculo (id_vehiculo, placa, marca, modelo, anio, estado, costo_diario) VALUES (183, 'XYZ0183', 'Toyota', 'Model B', 2016, 'Mantenimiento', 46.96);
INSERT INTO vehiculo (id_vehiculo, placa, marca, modelo, anio, estado, costo_diario) VALUES (184, 'XYZ0184', 'Chevrolet', 'Model X', 2024, 'Disponible', 98.98);
INSERT INTO vehiculo (id_vehiculo, placa, marca, modelo, anio, estado, costo_diario) VALUES (185, 'XYZ0185', 'Chevrolet', 'Model B', 2020, 'Mantenimiento', 94.49);
INSERT INTO vehiculo (id_vehiculo, placa, marca, modelo, anio, estado, costo_diario) VALUES (186, 'XYZ0186', 'Tesla', 'Model B', 2022, 'Disponible', 88.76);
INSERT INTO vehiculo (id_vehiculo, placa, marca, modelo, anio, estado, costo_diario) VALUES (187, 'XYZ0187', 'Honda', 'Model B', 2015, 'Rentado', 104.33);
INSERT INTO vehiculo (id_vehiculo, placa, marca, modelo, anio, estado, costo_diario) VALUES (188, 'XYZ0188', 'Ford', 'Model A', 2020, 'Disponible', 53.42);
INSERT INTO vehiculo (id_vehiculo, placa, marca, modelo, anio, estado, costo_diario) VALUES (189, 'XYZ0189', 'Chevrolet', 'Model Y', 2021, 'Mantenimiento', 89.4);
INSERT INTO vehiculo (id_vehiculo, placa, marca, modelo, anio, estado, costo_diario) VALUES (190, 'XYZ0190', 'Tesla', 'Model X', 2018, 'Mantenimiento', 130.79);
INSERT INTO vehiculo (id_vehiculo, placa, marca, modelo, anio, estado, costo_diario) VALUES (191, 'XYZ0191', 'Chevrolet', 'Model B', 2007, 'Mantenimiento', 33.7);
INSERT INTO vehiculo (id_vehiculo, placa, marca, modelo, anio, estado, costo_diario) VALUES (192, 'XYZ0192', 'Honda', 'Model C', 2006, 'Rentado', 56.98);
INSERT INTO vehiculo (id_vehiculo, placa, marca, modelo, anio, estado, costo_diario) VALUES (193, 'XYZ0193', 'Ford', 'Model B', 2019, 'Mantenimiento', 119.1);
INSERT INTO vehiculo (id_vehiculo, placa, marca, modelo, anio, estado, costo_diario) VALUES (194, 'XYZ0194', 'Chevrolet', 'Model Y', 2021, 'Disponible', 98.73);
INSERT INTO vehiculo (id_vehiculo, placa, marca, modelo, anio, estado, costo_diario) VALUES (195, 'XYZ0195', 'Ford', 'Model Y', 2016, 'Mantenimiento', 128.71);
INSERT INTO vehiculo (id_vehiculo, placa, marca, modelo, anio, estado, costo_diario) VALUES (196, 'XYZ0196', 'Toyota', 'Model Z', 2019, 'Mantenimiento', 56.23);
INSERT INTO vehiculo (id_vehiculo, placa, marca, modelo, anio, estado, costo_diario) VALUES (197, 'XYZ0197', 'Chevrolet', 'Model A', 2012, 'Rentado', 134.98);
INSERT INTO vehiculo (id_vehiculo, placa, marca, modelo, anio, estado, costo_diario) VALUES (198, 'XYZ0198', 'Toyota', 'Model X', 2013, 'Rentado', 133.46);
INSERT INTO vehiculo (id_vehiculo, placa, marca, modelo, anio, estado, costo_diario) VALUES (199, 'XYZ0199', 'Toyota', 'Model X', 2008, 'Disponible', 55.19);
INSERT INTO vehiculo (id_vehiculo, placa, marca, modelo, anio, estado, costo_diario) VALUES (200, 'XYZ0200', 'Tesla', 'Model Y', 2016, 'Mantenimiento', 103.23);

-- Vehículo-Categoría
INSERT INTO vehiculo_categoria (id_vehiculo, id_categoria) VALUES (1, 4);
INSERT INTO vehiculo_categoria (id_vehiculo, id_categoria) VALUES (2, 2);
INSERT INTO vehiculo_categoria (id_vehiculo, id_categoria) VALUES (3, 5);
INSERT INTO vehiculo_categoria (id_vehiculo, id_categoria) VALUES (4, 2);
INSERT INTO vehiculo_categoria (id_vehiculo, id_categoria) VALUES (5, 2);
INSERT INTO vehiculo_categoria (id_vehiculo, id_categoria) VALUES (6, 2);
INSERT INTO vehiculo_categoria (id_vehiculo, id_categoria) VALUES (7, 1);
INSERT INTO vehiculo_categoria (id_vehiculo, id_categoria) VALUES (8, 5);
INSERT INTO vehiculo_categoria (id_vehiculo, id_categoria) VALUES (9, 3);
INSERT INTO vehiculo_categoria (id_vehiculo, id_categoria) VALUES (10, 5);
INSERT INTO vehiculo_categoria (id_vehiculo, id_categoria) VALUES (11, 3);
INSERT INTO vehiculo_categoria (id_vehiculo, id_categoria) VALUES (12, 5);
INSERT INTO vehiculo_categoria (id_vehiculo, id_categoria) VALUES (13, 5);
INSERT INTO vehiculo_categoria (id_vehiculo, id_categoria) VALUES (14, 2);
INSERT INTO vehiculo_categoria (id_vehiculo, id_categoria) VALUES (15, 3);
INSERT INTO vehiculo_categoria (id_vehiculo, id_categoria) VALUES (16, 6);
INSERT INTO vehiculo_categoria (id_vehiculo, id_categoria) VALUES (17, 3);
INSERT INTO vehiculo_categoria (id_vehiculo, id_categoria) VALUES (18, 3);
INSERT INTO vehiculo_categoria (id_vehiculo, id_categoria) VALUES (19, 5);
INSERT INTO vehiculo_categoria (id_vehiculo, id_categoria) VALUES (20, 3);
INSERT INTO vehiculo_categoria (id_vehiculo, id_categoria) VALUES (21, 5);
INSERT INTO vehiculo_categoria (id_vehiculo, id_categoria) VALUES (22, 6);
INSERT INTO vehiculo_categoria (id_vehiculo, id_categoria) VALUES (23, 1);
INSERT INTO vehiculo_categoria (id_vehiculo, id_categoria) VALUES (24, 2);
INSERT INTO vehiculo_categoria (id_vehiculo, id_categoria) VALUES (25, 4);
INSERT INTO vehiculo_categoria (id_vehiculo, id_categoria) VALUES (26, 1);
INSERT INTO vehiculo_categoria (id_vehiculo, id_categoria) VALUES (27, 3);
INSERT INTO vehiculo_categoria (id_vehiculo, id_categoria) VALUES (28, 6);
INSERT INTO vehiculo_categoria (id_vehiculo, id_categoria) VALUES (29, 2);
INSERT INTO vehiculo_categoria (id_vehiculo, id_categoria) VALUES (30, 6);
INSERT INTO vehiculo_categoria (id_vehiculo, id_categoria) VALUES (31, 2);
INSERT INTO vehiculo_categoria (id_vehiculo, id_categoria) VALUES (32, 2);
INSERT INTO vehiculo_categoria (id_vehiculo, id_categoria) VALUES (33, 2);
INSERT INTO vehiculo_categoria (id_vehiculo, id_categoria) VALUES (34, 6);
INSERT INTO vehiculo_categoria (id_vehiculo, id_categoria) VALUES (35, 3);
INSERT INTO vehiculo_categoria (id_vehiculo, id_categoria) VALUES (36, 2);
INSERT INTO vehiculo_categoria (id_vehiculo, id_categoria) VALUES (37, 6);
INSERT INTO vehiculo_categoria (id_vehiculo, id_categoria) VALUES (38, 4);
INSERT INTO vehiculo_categoria (id_vehiculo, id_categoria) VALUES (39, 4);
INSERT INTO vehiculo_categoria (id_vehiculo, id_categoria) VALUES (40, 2);
INSERT INTO vehiculo_categoria (id_vehiculo, id_categoria) VALUES (41, 5);
INSERT INTO vehiculo_categoria (id_vehiculo, id_categoria) VALUES (42, 6);
INSERT INTO vehiculo_categoria (id_vehiculo, id_categoria) VALUES (43, 3);
INSERT INTO vehiculo_categoria (id_vehiculo, id_categoria) VALUES (44, 6);
INSERT INTO vehiculo_categoria (id_vehiculo, id_categoria) VALUES (45, 4);
INSERT INTO vehiculo_categoria (id_vehiculo, id_categoria) VALUES (46, 4);
INSERT INTO vehiculo_categoria (id_vehiculo, id_categoria) VALUES (47, 4);
INSERT INTO vehiculo_categoria (id_vehiculo, id_categoria) VALUES (48, 1);
INSERT INTO vehiculo_categoria (id_vehiculo, id_categoria) VALUES (49, 6);
INSERT INTO vehiculo_categoria (id_vehiculo, id_categoria) VALUES (50, 1);
INSERT INTO vehiculo_categoria (id_vehiculo, id_categoria) VALUES (51, 4);
INSERT INTO vehiculo_categoria (id_vehiculo, id_categoria) VALUES (52, 5);
INSERT INTO vehiculo_categoria (id_vehiculo, id_categoria) VALUES (53, 6);
INSERT INTO vehiculo_categoria (id_vehiculo, id_categoria) VALUES (54, 3);
INSERT INTO vehiculo_categoria (id_vehiculo, id_categoria) VALUES (55, 6);
INSERT INTO vehiculo_categoria (id_vehiculo, id_categoria) VALUES (56, 3);
INSERT INTO vehiculo_categoria (id_vehiculo, id_categoria) VALUES (57, 4);
INSERT INTO vehiculo_categoria (id_vehiculo, id_categoria) VALUES (58, 4);
INSERT INTO vehiculo_categoria (id_vehiculo, id_categoria) VALUES (59, 3);
INSERT INTO vehiculo_categoria (id_vehiculo, id_categoria) VALUES (60, 5);
INSERT INTO vehiculo_categoria (id_vehiculo, id_categoria) VALUES (61, 1);
INSERT INTO vehiculo_categoria (id_vehiculo, id_categoria) VALUES (62, 6);
INSERT INTO vehiculo_categoria (id_vehiculo, id_categoria) VALUES (63, 1);
INSERT INTO vehiculo_categoria (id_vehiculo, id_categoria) VALUES (64, 6);
INSERT INTO vehiculo_categoria (id_vehiculo, id_categoria) VALUES (65, 4);
INSERT INTO vehiculo_categoria (id_vehiculo, id_categoria) VALUES (66, 6);
INSERT INTO vehiculo_categoria (id_vehiculo, id_categoria) VALUES (67, 6);
INSERT INTO vehiculo_categoria (id_vehiculo, id_categoria) VALUES (68, 6);
INSERT INTO vehiculo_categoria (id_vehiculo, id_categoria) VALUES (69, 3);
INSERT INTO vehiculo_categoria (id_vehiculo, id_categoria) VALUES (70, 1);
INSERT INTO vehiculo_categoria (id_vehiculo, id_categoria) VALUES (71, 5);
INSERT INTO vehiculo_categoria (id_vehiculo, id_categoria) VALUES (72, 4);
INSERT INTO vehiculo_categoria (id_vehiculo, id_categoria) VALUES (73, 2);
INSERT INTO vehiculo_categoria (id_vehiculo, id_categoria) VALUES (74, 4);
INSERT INTO vehiculo_categoria (id_vehiculo, id_categoria) VALUES (75, 2);
INSERT INTO vehiculo_categoria (id_vehiculo, id_categoria) VALUES (76, 4);
INSERT INTO vehiculo_categoria (id_vehiculo, id_categoria) VALUES (77, 3);
INSERT INTO vehiculo_categoria (id_vehiculo, id_categoria) VALUES (78, 3);
INSERT INTO vehiculo_categoria (id_vehiculo, id_categoria) VALUES (79, 3);
INSERT INTO vehiculo_categoria (id_vehiculo, id_categoria) VALUES (80, 3);
INSERT INTO vehiculo_categoria (id_vehiculo, id_categoria) VALUES (81, 5);
INSERT INTO vehiculo_categoria (id_vehiculo, id_categoria) VALUES (82, 5);
INSERT INTO vehiculo_categoria (id_vehiculo, id_categoria) VALUES (83, 2);
INSERT INTO vehiculo_categoria (id_vehiculo, id_categoria) VALUES (84, 5);
INSERT INTO vehiculo_categoria (id_vehiculo, id_categoria) VALUES (85, 4);
INSERT INTO vehiculo_categoria (id_vehiculo, id_categoria) VALUES (86, 3);
INSERT INTO vehiculo_categoria (id_vehiculo, id_categoria) VALUES (87, 6);
INSERT INTO vehiculo_categoria (id_vehiculo, id_categoria) VALUES (88, 1);
INSERT INTO vehiculo_categoria (id_vehiculo, id_categoria) VALUES (89, 1);
INSERT INTO vehiculo_categoria (id_vehiculo, id_categoria) VALUES (90, 1);
INSERT INTO vehiculo_categoria (id_vehiculo, id_categoria) VALUES (91, 6);
INSERT INTO vehiculo_categoria (id_vehiculo, id_categoria) VALUES (92, 4);
INSERT INTO vehiculo_categoria (id_vehiculo, id_categoria) VALUES (93, 1);
INSERT INTO vehiculo_categoria (id_vehiculo, id_categoria) VALUES (94, 1);
INSERT INTO vehiculo_categoria (id_vehiculo, id_categoria) VALUES (95, 2);
INSERT INTO vehiculo_categoria (id_vehiculo, id_categoria) VALUES (96, 4);
INSERT INTO vehiculo_categoria (id_vehiculo, id_categoria) VALUES (97, 4);
INSERT INTO vehiculo_categoria (id_vehiculo, id_categoria) VALUES (98, 1);
INSERT INTO vehiculo_categoria (id_vehiculo, id_categoria) VALUES (99, 4);
INSERT INTO vehiculo_categoria (id_vehiculo, id_categoria) VALUES (100, 2);
INSERT INTO vehiculo_categoria (id_vehiculo, id_categoria) VALUES (101, 6);
INSERT INTO vehiculo_categoria (id_vehiculo, id_categoria) VALUES (102, 2);
INSERT INTO vehiculo_categoria (id_vehiculo, id_categoria) VALUES (103, 6);
INSERT INTO vehiculo_categoria (id_vehiculo, id_categoria) VALUES (104, 3);
INSERT INTO vehiculo_categoria (id_vehiculo, id_categoria) VALUES (105, 2);
INSERT INTO vehiculo_categoria (id_vehiculo, id_categoria) VALUES (106, 3);
INSERT INTO vehiculo_categoria (id_vehiculo, id_categoria) VALUES (107, 1);
INSERT INTO vehiculo_categoria (id_vehiculo, id_categoria) VALUES (108, 6);
INSERT INTO vehiculo_categoria (id_vehiculo, id_categoria) VALUES (109, 3);
INSERT INTO vehiculo_categoria (id_vehiculo, id_categoria) VALUES (110, 3);
INSERT INTO vehiculo_categoria (id_vehiculo, id_categoria) VALUES (111, 1);
INSERT INTO vehiculo_categoria (id_vehiculo, id_categoria) VALUES (112, 3);
INSERT INTO vehiculo_categoria (id_vehiculo, id_categoria) VALUES (113, 6);
INSERT INTO vehiculo_categoria (id_vehiculo, id_categoria) VALUES (114, 6);
INSERT INTO vehiculo_categoria (id_vehiculo, id_categoria) VALUES (115, 2);
INSERT INTO vehiculo_categoria (id_vehiculo, id_categoria) VALUES (116, 1);
INSERT INTO vehiculo_categoria (id_vehiculo, id_categoria) VALUES (117, 4);
INSERT INTO vehiculo_categoria (id_vehiculo, id_categoria) VALUES (118, 6);
INSERT INTO vehiculo_categoria (id_vehiculo, id_categoria) VALUES (119, 3);
INSERT INTO vehiculo_categoria (id_vehiculo, id_categoria) VALUES (120, 6);
INSERT INTO vehiculo_categoria (id_vehiculo, id_categoria) VALUES (121, 6);
INSERT INTO vehiculo_categoria (id_vehiculo, id_categoria) VALUES (122, 2);
INSERT INTO vehiculo_categoria (id_vehiculo, id_categoria) VALUES (123, 4);
INSERT INTO vehiculo_categoria (id_vehiculo, id_categoria) VALUES (124, 6);
INSERT INTO vehiculo_categoria (id_vehiculo, id_categoria) VALUES (125, 1);
INSERT INTO vehiculo_categoria (id_vehiculo, id_categoria) VALUES (126, 6);
INSERT INTO vehiculo_categoria (id_vehiculo, id_categoria) VALUES (127, 1);
INSERT INTO vehiculo_categoria (id_vehiculo, id_categoria) VALUES (128, 1);
INSERT INTO vehiculo_categoria (id_vehiculo, id_categoria) VALUES (129, 2);
INSERT INTO vehiculo_categoria (id_vehiculo, id_categoria) VALUES (130, 4);
INSERT INTO vehiculo_categoria (id_vehiculo, id_categoria) VALUES (131, 1);
INSERT INTO vehiculo_categoria (id_vehiculo, id_categoria) VALUES (132, 2);
INSERT INTO vehiculo_categoria (id_vehiculo, id_categoria) VALUES (133, 5);
INSERT INTO vehiculo_categoria (id_vehiculo, id_categoria) VALUES (134, 2);
INSERT INTO vehiculo_categoria (id_vehiculo, id_categoria) VALUES (135, 5);
INSERT INTO vehiculo_categoria (id_vehiculo, id_categoria) VALUES (136, 6);
INSERT INTO vehiculo_categoria (id_vehiculo, id_categoria) VALUES (137, 4);
INSERT INTO vehiculo_categoria (id_vehiculo, id_categoria) VALUES (138, 1);
INSERT INTO vehiculo_categoria (id_vehiculo, id_categoria) VALUES (139, 1);
INSERT INTO vehiculo_categoria (id_vehiculo, id_categoria) VALUES (140, 6);
INSERT INTO vehiculo_categoria (id_vehiculo, id_categoria) VALUES (141, 3);
INSERT INTO vehiculo_categoria (id_vehiculo, id_categoria) VALUES (142, 1);
INSERT INTO vehiculo_categoria (id_vehiculo, id_categoria) VALUES (143, 4);
INSERT INTO vehiculo_categoria (id_vehiculo, id_categoria) VALUES (144, 6);
INSERT INTO vehiculo_categoria (id_vehiculo, id_categoria) VALUES (145, 2);
INSERT INTO vehiculo_categoria (id_vehiculo, id_categoria) VALUES (146, 4);
INSERT INTO vehiculo_categoria (id_vehiculo, id_categoria) VALUES (147, 1);
INSERT INTO vehiculo_categoria (id_vehiculo, id_categoria) VALUES (148, 2);
INSERT INTO vehiculo_categoria (id_vehiculo, id_categoria) VALUES (149, 4);
INSERT INTO vehiculo_categoria (id_vehiculo, id_categoria) VALUES (150, 1);
INSERT INTO vehiculo_categoria (id_vehiculo, id_categoria) VALUES (151, 6);
INSERT INTO vehiculo_categoria (id_vehiculo, id_categoria) VALUES (152, 1);
INSERT INTO vehiculo_categoria (id_vehiculo, id_categoria) VALUES (153, 1);
INSERT INTO vehiculo_categoria (id_vehiculo, id_categoria) VALUES (154, 3);
INSERT INTO vehiculo_categoria (id_vehiculo, id_categoria) VALUES (155, 3);
INSERT INTO vehiculo_categoria (id_vehiculo, id_categoria) VALUES (156, 3);
INSERT INTO vehiculo_categoria (id_vehiculo, id_categoria) VALUES (157, 2);
INSERT INTO vehiculo_categoria (id_vehiculo, id_categoria) VALUES (158, 4);
INSERT INTO vehiculo_categoria (id_vehiculo, id_categoria) VALUES (159, 2);
INSERT INTO vehiculo_categoria (id_vehiculo, id_categoria) VALUES (160, 6);
INSERT INTO vehiculo_categoria (id_vehiculo, id_categoria) VALUES (161, 6);
INSERT INTO vehiculo_categoria (id_vehiculo, id_categoria) VALUES (162, 2);
INSERT INTO vehiculo_categoria (id_vehiculo, id_categoria) VALUES (163, 1);
INSERT INTO vehiculo_categoria (id_vehiculo, id_categoria) VALUES (164, 5);
INSERT INTO vehiculo_categoria (id_vehiculo, id_categoria) VALUES (165, 5);
INSERT INTO vehiculo_categoria (id_vehiculo, id_categoria) VALUES (166, 1);
INSERT INTO vehiculo_categoria (id_vehiculo, id_categoria) VALUES (167, 5);
INSERT INTO vehiculo_categoria (id_vehiculo, id_categoria) VALUES (168, 6);
INSERT INTO vehiculo_categoria (id_vehiculo, id_categoria) VALUES (169, 2);
INSERT INTO vehiculo_categoria (id_vehiculo, id_categoria) VALUES (170, 4);
INSERT INTO vehiculo_categoria (id_vehiculo, id_categoria) VALUES (171, 3);
INSERT INTO vehiculo_categoria (id_vehiculo, id_categoria) VALUES (172, 6);
INSERT INTO vehiculo_categoria (id_vehiculo, id_categoria) VALUES (173, 2);
INSERT INTO vehiculo_categoria (id_vehiculo, id_categoria) VALUES (174, 6);
INSERT INTO vehiculo_categoria (id_vehiculo, id_categoria) VALUES (175, 6);
INSERT INTO vehiculo_categoria (id_vehiculo, id_categoria) VALUES (176, 2);
INSERT INTO vehiculo_categoria (id_vehiculo, id_categoria) VALUES (177, 4);
INSERT INTO vehiculo_categoria (id_vehiculo, id_categoria) VALUES (178, 5);
INSERT INTO vehiculo_categoria (id_vehiculo, id_categoria) VALUES (179, 6);
INSERT INTO vehiculo_categoria (id_vehiculo, id_categoria) VALUES (180, 4);
INSERT INTO vehiculo_categoria (id_vehiculo, id_categoria) VALUES (181, 2);
INSERT INTO vehiculo_categoria (id_vehiculo, id_categoria) VALUES (182, 1);
INSERT INTO vehiculo_categoria (id_vehiculo, id_categoria) VALUES (183, 1);
INSERT INTO vehiculo_categoria (id_vehiculo, id_categoria) VALUES (184, 2);
INSERT INTO vehiculo_categoria (id_vehiculo, id_categoria) VALUES (185, 1);
INSERT INTO vehiculo_categoria (id_vehiculo, id_categoria) VALUES (186, 5);
INSERT INTO vehiculo_categoria (id_vehiculo, id_categoria) VALUES (187, 6);
INSERT INTO vehiculo_categoria (id_vehiculo, id_categoria) VALUES (188, 4);
INSERT INTO vehiculo_categoria (id_vehiculo, id_categoria) VALUES (189, 3);
INSERT INTO vehiculo_categoria (id_vehiculo, id_categoria) VALUES (190, 4);
INSERT INTO vehiculo_categoria (id_vehiculo, id_categoria) VALUES (191, 3);
INSERT INTO vehiculo_categoria (id_vehiculo, id_categoria) VALUES (192, 2);
INSERT INTO vehiculo_categoria (id_vehiculo, id_categoria) VALUES (193, 2);
INSERT INTO vehiculo_categoria (id_vehiculo, id_categoria) VALUES (194, 3);
INSERT INTO vehiculo_categoria (id_vehiculo, id_categoria) VALUES (195, 6);
INSERT INTO vehiculo_categoria (id_vehiculo, id_categoria) VALUES (196, 1);
INSERT INTO vehiculo_categoria (id_vehiculo, id_categoria) VALUES (197, 2);
INSERT INTO vehiculo_categoria (id_vehiculo, id_categoria) VALUES (198, 5);
INSERT INTO vehiculo_categoria (id_vehiculo, id_categoria) VALUES (199, 5);
INSERT INTO vehiculo_categoria (id_vehiculo, id_categoria) VALUES (200, 5);


-- Reservas
INSERT INTO reserva (id_reserva, fecha_inicio, fecha_fin, id_usuario, id_vehiculo, total) VALUES (1, '2024-01-13 00:00:00', '2024-01-18 00:00:00', 164, 29, 442.85);
INSERT INTO reserva (id_reserva, fecha_inicio, fecha_fin, id_usuario, id_vehiculo, total) VALUES (2, '2024-02-22 00:00:00', '2024-03-02 00:00:00', 36, 189, 221.71);
INSERT INTO reserva (id_reserva, fecha_inicio, fecha_fin, id_usuario, id_vehiculo, total) VALUES (3, '2024-01-16 00:00:00', '2024-01-18 00:00:00', 109, 9, 406.09);
INSERT INTO reserva (id_reserva, fecha_inicio, fecha_fin, id_usuario, id_vehiculo, total) VALUES (4, '2024-01-14 00:00:00', '2024-01-23 00:00:00', 130, 155, 378.37);
INSERT INTO reserva (id_reserva, fecha_inicio, fecha_fin, id_usuario, id_vehiculo, total) VALUES (5, '2024-10-06 00:00:00', '2024-10-13 00:00:00', 167, 180, 408.62);
INSERT INTO reserva (id_reserva, fecha_inicio, fecha_fin, id_usuario, id_vehiculo, total) VALUES (6, '2024-01-04 00:00:00', '2024-01-07 00:00:00', 151, 72, 1077.4);
INSERT INTO reserva (id_reserva, fecha_inicio, fecha_fin, id_usuario, id_vehiculo, total) VALUES (7, '2024-03-20 00:00:00', '2024-03-24 00:00:00', 88, 72, 1440.1);
INSERT INTO reserva (id_reserva, fecha_inicio, fecha_fin, id_usuario, id_vehiculo, total) VALUES (8, '2024-02-17 00:00:00', '2024-02-24 00:00:00', 87, 27, 235.4);
INSERT INTO reserva (id_reserva, fecha_inicio, fecha_fin, id_usuario, id_vehiculo, total) VALUES (9, '2024-05-15 00:00:00', '2024-05-16 00:00:00', 89, 155, 1121.62);
INSERT INTO reserva (id_reserva, fecha_inicio, fecha_fin, id_usuario, id_vehiculo, total) VALUES (10, '2024-07-12 00:00:00', '2024-07-14 00:00:00', 138, 32, 872.86);
INSERT INTO reserva (id_reserva, fecha_inicio, fecha_fin, id_usuario, id_vehiculo, total) VALUES (11, '2024-07-04 00:00:00', '2024-07-14 00:00:00', 161, 159, 369.2);
INSERT INTO reserva (id_reserva, fecha_inicio, fecha_fin, id_usuario, id_vehiculo, total) VALUES (12, '2024-12-04 00:00:00', '2024-12-08 00:00:00', 18, 12, 1182.3);
INSERT INTO reserva (id_reserva, fecha_inicio, fecha_fin, id_usuario, id_vehiculo, total) VALUES (13, '2024-02-21 00:00:00', '2024-02-28 00:00:00', 21, 60, 489.16);
INSERT INTO reserva (id_reserva, fecha_inicio, fecha_fin, id_usuario, id_vehiculo, total) VALUES (14, '2024-03-24 00:00:00', '2024-03-30 00:00:00', 163, 94, 597.38);
INSERT INTO reserva (id_reserva, fecha_inicio, fecha_fin, id_usuario, id_vehiculo, total) VALUES (15, '2024-12-25 00:00:00', '2024-12-27 00:00:00', 172, 69, 952.78);
INSERT INTO reserva (id_reserva, fecha_inicio, fecha_fin, id_usuario, id_vehiculo, total) VALUES (16, '2024-05-05 00:00:00', '2024-05-08 00:00:00', 44, 137, 747.16);
INSERT INTO reserva (id_reserva, fecha_inicio, fecha_fin, id_usuario, id_vehiculo, total) VALUES (17, '2024-12-18 00:00:00', '2024-12-27 00:00:00', 70, 164, 407.46);
INSERT INTO reserva (id_reserva, fecha_inicio, fecha_fin, id_usuario, id_vehiculo, total) VALUES (18, '2024-01-29 00:00:00', '2024-02-02 00:00:00', 84, 197, 1250.52);
INSERT INTO reserva (id_reserva, fecha_inicio, fecha_fin, id_usuario, id_vehiculo, total) VALUES (19, '2024-05-17 00:00:00', '2024-05-19 00:00:00', 81, 103, 395.38);
INSERT INTO reserva (id_reserva, fecha_inicio, fecha_fin, id_usuario, id_vehiculo, total) VALUES (20, '2024-06-10 00:00:00', '2024-06-14 00:00:00', 146, 184, 1017.61);
INSERT INTO reserva (id_reserva, fecha_inicio, fecha_fin, id_usuario, id_vehiculo, total) VALUES (21, '2024-08-22 00:00:00', '2024-08-25 00:00:00', 102, 165, 470.83);
INSERT INTO reserva (id_reserva, fecha_inicio, fecha_fin, id_usuario, id_vehiculo, total) VALUES (22, '2024-10-14 00:00:00', '2024-10-23 00:00:00', 64, 191, 467.84);
INSERT INTO reserva (id_reserva, fecha_inicio, fecha_fin, id_usuario, id_vehiculo, total) VALUES (23, '2024-10-25 00:00:00', '2024-11-01 00:00:00', 150, 110, 606.8);
INSERT INTO reserva (id_reserva, fecha_inicio, fecha_fin, id_usuario, id_vehiculo, total) VALUES (24, '2024-09-09 00:00:00', '2024-09-11 00:00:00', 36, 131, 1158.1);
INSERT INTO reserva (id_reserva, fecha_inicio, fecha_fin, id_usuario, id_vehiculo, total) VALUES (25, '2024-11-17 00:00:00', '2024-11-20 00:00:00', 29, 40, 1208.91);
INSERT INTO reserva (id_reserva, fecha_inicio, fecha_fin, id_usuario, id_vehiculo, total) VALUES (26, '2024-02-02 00:00:00', '2024-02-09 00:00:00', 109, 153, 634.27);
INSERT INTO reserva (id_reserva, fecha_inicio, fecha_fin, id_usuario, id_vehiculo, total) VALUES (27, '2024-05-08 00:00:00', '2024-05-17 00:00:00', 120, 136, 1305.09);
INSERT INTO reserva (id_reserva, fecha_inicio, fecha_fin, id_usuario, id_vehiculo, total) VALUES (28, '2024-02-28 00:00:00', '2024-03-08 00:00:00', 3, 175, 1151.23);
INSERT INTO reserva (id_reserva, fecha_inicio, fecha_fin, id_usuario, id_vehiculo, total) VALUES (29, '2024-06-23 00:00:00', '2024-06-25 00:00:00', 197, 165, 510.9);
INSERT INTO reserva (id_reserva, fecha_inicio, fecha_fin, id_usuario, id_vehiculo, total) VALUES (30, '2024-01-02 00:00:00', '2024-01-07 00:00:00', 41, 117, 1460.64);
INSERT INTO reserva (id_reserva, fecha_inicio, fecha_fin, id_usuario, id_vehiculo, total) VALUES (31, '2024-09-16 00:00:00', '2024-09-18 00:00:00', 196, 46, 1318.73);
INSERT INTO reserva (id_reserva, fecha_inicio, fecha_fin, id_usuario, id_vehiculo, total) VALUES (32, '2024-09-16 00:00:00', '2024-09-26 00:00:00', 77, 164, 378.48);
INSERT INTO reserva (id_reserva, fecha_inicio, fecha_fin, id_usuario, id_vehiculo, total) VALUES (33, '2024-03-23 00:00:00', '2024-04-01 00:00:00', 96, 196, 1434.9);
INSERT INTO reserva (id_reserva, fecha_inicio, fecha_fin, id_usuario, id_vehiculo, total) VALUES (34, '2024-11-02 00:00:00', '2024-11-08 00:00:00', 136, 1, 784.05);
INSERT INTO reserva (id_reserva, fecha_inicio, fecha_fin, id_usuario, id_vehiculo, total) VALUES (35, '2024-06-06 00:00:00', '2024-06-10 00:00:00', 29, 93, 181.1);
INSERT INTO reserva (id_reserva, fecha_inicio, fecha_fin, id_usuario, id_vehiculo, total) VALUES (36, '2024-02-13 00:00:00', '2024-02-21 00:00:00', 146, 21, 1242.43);
INSERT INTO reserva (id_reserva, fecha_inicio, fecha_fin, id_usuario, id_vehiculo, total) VALUES (37, '2024-03-05 00:00:00', '2024-03-08 00:00:00', 195, 137, 1023.65);
INSERT INTO reserva (id_reserva, fecha_inicio, fecha_fin, id_usuario, id_vehiculo, total) VALUES (38, '2024-05-15 00:00:00', '2024-05-24 00:00:00', 141, 43, 1321.41);
INSERT INTO reserva (id_reserva, fecha_inicio, fecha_fin, id_usuario, id_vehiculo, total) VALUES (39, '2024-10-03 00:00:00', '2024-10-07 00:00:00', 109, 55, 1098.13);
INSERT INTO reserva (id_reserva, fecha_inicio, fecha_fin, id_usuario, id_vehiculo, total) VALUES (40, '2024-11-28 00:00:00', '2024-12-04 00:00:00', 103, 172, 713.34);
INSERT INTO reserva (id_reserva, fecha_inicio, fecha_fin, id_usuario, id_vehiculo, total) VALUES (41, '2024-03-02 00:00:00', '2024-03-06 00:00:00', 133, 116, 414.58);
INSERT INTO reserva (id_reserva, fecha_inicio, fecha_fin, id_usuario, id_vehiculo, total) VALUES (42, '2024-10-28 00:00:00', '2024-11-06 00:00:00', 87, 6, 422.16);
INSERT INTO reserva (id_reserva, fecha_inicio, fecha_fin, id_usuario, id_vehiculo, total) VALUES (43, '2024-02-06 00:00:00', '2024-02-07 00:00:00', 57, 2, 420.52);
INSERT INTO reserva (id_reserva, fecha_inicio, fecha_fin, id_usuario, id_vehiculo, total) VALUES (44, '2024-02-06 00:00:00', '2024-02-15 00:00:00', 9, 85, 433.21);
INSERT INTO reserva (id_reserva, fecha_inicio, fecha_fin, id_usuario, id_vehiculo, total) VALUES (45, '2024-04-19 00:00:00', '2024-04-28 00:00:00', 172, 125, 285.24);
INSERT INTO reserva (id_reserva, fecha_inicio, fecha_fin, id_usuario, id_vehiculo, total) VALUES (46, '2024-08-30 00:00:00', '2024-09-03 00:00:00', 147, 148, 1198.47);
INSERT INTO reserva (id_reserva, fecha_inicio, fecha_fin, id_usuario, id_vehiculo, total) VALUES (47, '2024-02-18 00:00:00', '2024-02-20 00:00:00', 105, 49, 1022.58);
INSERT INTO reserva (id_reserva, fecha_inicio, fecha_fin, id_usuario, id_vehiculo, total) VALUES (48, '2024-07-29 00:00:00', '2024-08-06 00:00:00', 91, 109, 1309.37);
INSERT INTO reserva (id_reserva, fecha_inicio, fecha_fin, id_usuario, id_vehiculo, total) VALUES (49, '2024-11-30 00:00:00', '2024-12-02 00:00:00', 14, 173, 184.86);
INSERT INTO reserva (id_reserva, fecha_inicio, fecha_fin, id_usuario, id_vehiculo, total) VALUES (50, '2024-02-25 00:00:00', '2024-02-29 00:00:00', 187, 87, 368.23);
INSERT INTO reserva (id_reserva, fecha_inicio, fecha_fin, id_usuario, id_vehiculo, total) VALUES (51, '2024-03-12 00:00:00', '2024-03-19 00:00:00', 138, 115, 356.88);
INSERT INTO reserva (id_reserva, fecha_inicio, fecha_fin, id_usuario, id_vehiculo, total) VALUES (52, '2024-02-08 00:00:00', '2024-02-16 00:00:00', 119, 64, 1231.23);
INSERT INTO reserva (id_reserva, fecha_inicio, fecha_fin, id_usuario, id_vehiculo, total) VALUES (53, '2024-01-26 00:00:00', '2024-02-04 00:00:00', 141, 26, 1270.44);
INSERT INTO reserva (id_reserva, fecha_inicio, fecha_fin, id_usuario, id_vehiculo, total) VALUES (54, '2024-05-01 00:00:00', '2024-05-04 00:00:00', 24, 193, 668.98);
INSERT INTO reserva (id_reserva, fecha_inicio, fecha_fin, id_usuario, id_vehiculo, total) VALUES (55, '2024-07-24 00:00:00', '2024-07-25 00:00:00', 124, 55, 330.49);
INSERT INTO reserva (id_reserva, fecha_inicio, fecha_fin, id_usuario, id_vehiculo, total) VALUES (56, '2024-05-15 00:00:00', '2024-05-23 00:00:00', 1, 100, 499.35);
INSERT INTO reserva (id_reserva, fecha_inicio, fecha_fin, id_usuario, id_vehiculo, total) VALUES (57, '2024-10-11 00:00:00', '2024-10-19 00:00:00', 179, 188, 316.72);
INSERT INTO reserva (id_reserva, fecha_inicio, fecha_fin, id_usuario, id_vehiculo, total) VALUES (58, '2024-01-30 00:00:00', '2024-02-09 00:00:00', 76, 56, 1130.03);
INSERT INTO reserva (id_reserva, fecha_inicio, fecha_fin, id_usuario, id_vehiculo, total) VALUES (59, '2024-06-09 00:00:00', '2024-06-10 00:00:00', 16, 192, 170.2);
INSERT INTO reserva (id_reserva, fecha_inicio, fecha_fin, id_usuario, id_vehiculo, total) VALUES (60, '2024-09-28 00:00:00', '2024-10-01 00:00:00', 123, 129, 179.63);
INSERT INTO reserva (id_reserva, fecha_inicio, fecha_fin, id_usuario, id_vehiculo, total) VALUES (61, '2024-04-05 00:00:00', '2024-04-07 00:00:00', 131, 21, 933.05);
INSERT INTO reserva (id_reserva, fecha_inicio, fecha_fin, id_usuario, id_vehiculo, total) VALUES (62, '2024-07-25 00:00:00', '2024-07-27 00:00:00', 173, 61, 1418.23);
INSERT INTO reserva (id_reserva, fecha_inicio, fecha_fin, id_usuario, id_vehiculo, total) VALUES (63, '2024-10-23 00:00:00', '2024-11-02 00:00:00', 146, 64, 155.64);
INSERT INTO reserva (id_reserva, fecha_inicio, fecha_fin, id_usuario, id_vehiculo, total) VALUES (64, '2024-12-02 00:00:00', '2024-12-12 00:00:00', 21, 108, 891.32);
INSERT INTO reserva (id_reserva, fecha_inicio, fecha_fin, id_usuario, id_vehiculo, total) VALUES (65, '2024-04-14 00:00:00', '2024-04-20 00:00:00', 81, 67, 434.16);
INSERT INTO reserva (id_reserva, fecha_inicio, fecha_fin, id_usuario, id_vehiculo, total) VALUES (66, '2024-12-09 00:00:00', '2024-12-14 00:00:00', 102, 34, 740.11);
INSERT INTO reserva (id_reserva, fecha_inicio, fecha_fin, id_usuario, id_vehiculo, total) VALUES (67, '2024-01-05 00:00:00', '2024-01-13 00:00:00', 193, 19, 969.62);
INSERT INTO reserva (id_reserva, fecha_inicio, fecha_fin, id_usuario, id_vehiculo, total) VALUES (68, '2024-02-07 00:00:00', '2024-02-16 00:00:00', 145, 26, 398.42);
INSERT INTO reserva (id_reserva, fecha_inicio, fecha_fin, id_usuario, id_vehiculo, total) VALUES (69, '2024-06-27 00:00:00', '2024-06-29 00:00:00', 68, 34, 1330.98);
INSERT INTO reserva (id_reserva, fecha_inicio, fecha_fin, id_usuario, id_vehiculo, total) VALUES (70, '2024-03-21 00:00:00', '2024-03-29 00:00:00', 95, 73, 1267.24);
INSERT INTO reserva (id_reserva, fecha_inicio, fecha_fin, id_usuario, id_vehiculo, total) VALUES (71, '2024-11-09 00:00:00', '2024-11-18 00:00:00', 181, 78, 110.95);
INSERT INTO reserva (id_reserva, fecha_inicio, fecha_fin, id_usuario, id_vehiculo, total) VALUES (72, '2024-12-05 00:00:00', '2024-12-07 00:00:00', 142, 77, 1414.5);
INSERT INTO reserva (id_reserva, fecha_inicio, fecha_fin, id_usuario, id_vehiculo, total) VALUES (73, '2024-02-29 00:00:00', '2024-03-02 00:00:00', 35, 68, 1139.38);
INSERT INTO reserva (id_reserva, fecha_inicio, fecha_fin, id_usuario, id_vehiculo, total) VALUES (74, '2024-05-24 00:00:00', '2024-06-03 00:00:00', 40, 70, 394.88);
INSERT INTO reserva (id_reserva, fecha_inicio, fecha_fin, id_usuario, id_vehiculo, total) VALUES (75, '2024-12-17 00:00:00', '2024-12-22 00:00:00', 88, 53, 807.57);
INSERT INTO reserva (id_reserva, fecha_inicio, fecha_fin, id_usuario, id_vehiculo, total) VALUES (76, '2024-02-17 00:00:00', '2024-02-24 00:00:00', 65, 14, 1261.09);
INSERT INTO reserva (id_reserva, fecha_inicio, fecha_fin, id_usuario, id_vehiculo, total) VALUES (77, '2024-06-19 00:00:00', '2024-06-22 00:00:00', 12, 1, 991.96);
INSERT INTO reserva (id_reserva, fecha_inicio, fecha_fin, id_usuario, id_vehiculo, total) VALUES (78, '2024-08-14 00:00:00', '2024-08-23 00:00:00', 68, 42, 1087.93);
INSERT INTO reserva (id_reserva, fecha_inicio, fecha_fin, id_usuario, id_vehiculo, total) VALUES (79, '2024-02-27 00:00:00', '2024-02-29 00:00:00', 144, 3, 1423.07);
INSERT INTO reserva (id_reserva, fecha_inicio, fecha_fin, id_usuario, id_vehiculo, total) VALUES (80, '2024-10-06 00:00:00', '2024-10-07 00:00:00', 177, 39, 1268.43);
INSERT INTO reserva (id_reserva, fecha_inicio, fecha_fin, id_usuario, id_vehiculo, total) VALUES (81, '2024-03-16 00:00:00', '2024-03-23 00:00:00', 150, 142, 278.42);
INSERT INTO reserva (id_reserva, fecha_inicio, fecha_fin, id_usuario, id_vehiculo, total) VALUES (82, '2024-01-21 00:00:00', '2024-01-27 00:00:00', 79, 94, 394.11);
INSERT INTO reserva (id_reserva, fecha_inicio, fecha_fin, id_usuario, id_vehiculo, total) VALUES (83, '2024-02-22 00:00:00', '2024-02-28 00:00:00', 64, 171, 1192.16);
INSERT INTO reserva (id_reserva, fecha_inicio, fecha_fin, id_usuario, id_vehiculo, total) VALUES (84, '2024-03-20 00:00:00', '2024-03-24 00:00:00', 105, 159, 1310.45);
INSERT INTO reserva (id_reserva, fecha_inicio, fecha_fin, id_usuario, id_vehiculo, total) VALUES (85, '2024-01-13 00:00:00', '2024-01-16 00:00:00', 46, 106, 1131.19);
INSERT INTO reserva (id_reserva, fecha_inicio, fecha_fin, id_usuario, id_vehiculo, total) VALUES (86, '2024-12-08 00:00:00', '2024-12-12 00:00:00', 86, 106, 473.53);
INSERT INTO reserva (id_reserva, fecha_inicio, fecha_fin, id_usuario, id_vehiculo, total) VALUES (87, '2024-07-14 00:00:00', '2024-07-15 00:00:00', 180, 28, 1302.03);
INSERT INTO reserva (id_reserva, fecha_inicio, fecha_fin, id_usuario, id_vehiculo, total) VALUES (88, '2024-08-23 00:00:00', '2024-08-29 00:00:00', 57, 52, 527.27);
INSERT INTO reserva (id_reserva, fecha_inicio, fecha_fin, id_usuario, id_vehiculo, total) VALUES (89, '2024-01-13 00:00:00', '2024-01-17 00:00:00', 59, 58, 657.85);
INSERT INTO reserva (id_reserva, fecha_inicio, fecha_fin, id_usuario, id_vehiculo, total) VALUES (90, '2024-05-22 00:00:00', '2024-05-28 00:00:00', 72, 18, 998.07);
INSERT INTO reserva (id_reserva, fecha_inicio, fecha_fin, id_usuario, id_vehiculo, total) VALUES (91, '2024-10-01 00:00:00', '2024-10-07 00:00:00', 103, 174, 1414.93);
INSERT INTO reserva (id_reserva, fecha_inicio, fecha_fin, id_usuario, id_vehiculo, total) VALUES (92, '2024-04-01 00:00:00', '2024-04-11 00:00:00', 30, 67, 1447.55);
INSERT INTO reserva (id_reserva, fecha_inicio, fecha_fin, id_usuario, id_vehiculo, total) VALUES (93, '2024-02-25 00:00:00', '2024-03-06 00:00:00', 68, 10, 708.39);
INSERT INTO reserva (id_reserva, fecha_inicio, fecha_fin, id_usuario, id_vehiculo, total) VALUES (94, '2024-08-11 00:00:00', '2024-08-21 00:00:00', 187, 81, 1477.93);
INSERT INTO reserva (id_reserva, fecha_inicio, fecha_fin, id_usuario, id_vehiculo, total) VALUES (95, '2024-10-22 00:00:00', '2024-10-26 00:00:00', 30, 99, 456.61);
INSERT INTO reserva (id_reserva, fecha_inicio, fecha_fin, id_usuario, id_vehiculo, total) VALUES (96, '2024-01-01 00:00:00', '2024-01-10 00:00:00', 182, 112, 1395.81);
INSERT INTO reserva (id_reserva, fecha_inicio, fecha_fin, id_usuario, id_vehiculo, total) VALUES (97, '2024-12-09 00:00:00', '2024-12-13 00:00:00', 138, 176, 609.91);
INSERT INTO reserva (id_reserva, fecha_inicio, fecha_fin, id_usuario, id_vehiculo, total) VALUES (98, '2024-06-18 00:00:00', '2024-06-28 00:00:00', 18, 171, 539.48);
INSERT INTO reserva (id_reserva, fecha_inicio, fecha_fin, id_usuario, id_vehiculo, total) VALUES (99, '2024-06-02 00:00:00', '2024-06-11 00:00:00', 32, 185, 533.0);
INSERT INTO reserva (id_reserva, fecha_inicio, fecha_fin, id_usuario, id_vehiculo, total) VALUES (100, '2024-07-25 00:00:00', '2024-07-30 00:00:00', 105, 84, 876.18);

-- Alquileres
INSERT INTO alquiler (id_alquiler, id_reserva, fecha_entrega, fecha_devolucion, total) VALUES (1, 1, '2024-04-08 00:00:00', '2024-04-15 00:00:00', 1030.9);
INSERT INTO alquiler (id_alquiler, id_reserva, fecha_entrega, fecha_devolucion, total) VALUES (2, 2, '2024-07-13 00:00:00', '2024-07-16 00:00:00', 961.72);
INSERT INTO alquiler (id_alquiler, id_reserva, fecha_entrega, fecha_devolucion, total) VALUES (3, 3, '2024-06-03 00:00:00', '2024-06-10 00:00:00', 867.11);
INSERT INTO alquiler (id_alquiler, id_reserva, fecha_entrega, fecha_devolucion, total) VALUES (4, 4, '2024-01-01 00:00:00', '2024-01-06 00:00:00', 501.68);
INSERT INTO alquiler (id_alquiler, id_reserva, fecha_entrega, fecha_devolucion, total) VALUES (5, 5, '2024-08-08 00:00:00', '2024-08-18 00:00:00', 949.33);
INSERT INTO alquiler (id_alquiler, id_reserva, fecha_entrega, fecha_devolucion, total) VALUES (6, 6, '2024-06-13 00:00:00', '2024-06-21 00:00:00', 718.5);
INSERT INTO alquiler (id_alquiler, id_reserva, fecha_entrega, fecha_devolucion, total) VALUES (7, 7, '2024-12-11 00:00:00', '2024-12-15 00:00:00', 815.64);
INSERT INTO alquiler (id_alquiler, id_reserva, fecha_entrega, fecha_devolucion, total) VALUES (8, 8, '2024-03-27 00:00:00', '2024-03-29 00:00:00', 497.3);
INSERT INTO alquiler (id_alquiler, id_reserva, fecha_entrega, fecha_devolucion, total) VALUES (9, 9, '2024-12-05 00:00:00', '2024-12-15 00:00:00', 569.26);
INSERT INTO alquiler (id_alquiler, id_reserva, fecha_entrega, fecha_devolucion, total) VALUES (10, 10, '2024-04-30 00:00:00', '2024-05-05 00:00:00', 414.5);
INSERT INTO alquiler (id_alquiler, id_reserva, fecha_entrega, fecha_devolucion, total) VALUES (11, 11, '2024-04-11 00:00:00', '2024-04-14 00:00:00', 134.2);
INSERT INTO alquiler (id_alquiler, id_reserva, fecha_entrega, fecha_devolucion, total) VALUES (12, 12, '2024-05-05 00:00:00', '2024-05-13 00:00:00', 955.78);
INSERT INTO alquiler (id_alquiler, id_reserva, fecha_entrega, fecha_devolucion, total) VALUES (13, 13, '2024-02-07 00:00:00', '2024-02-15 00:00:00', 680.22);
INSERT INTO alquiler (id_alquiler, id_reserva, fecha_entrega, fecha_devolucion, total) VALUES (14, 14, '2024-11-18 00:00:00', '2024-11-28 00:00:00', 372.21);
INSERT INTO alquiler (id_alquiler, id_reserva, fecha_entrega, fecha_devolucion, total) VALUES (15, 15, '2024-12-22 00:00:00', '2024-12-29 00:00:00', 792.13);
INSERT INTO alquiler (id_alquiler, id_reserva, fecha_entrega, fecha_devolucion, total) VALUES (16, 16, '2024-05-04 00:00:00', '2024-05-07 00:00:00', 1018.48);
INSERT INTO alquiler (id_alquiler, id_reserva, fecha_entrega, fecha_devolucion, total) VALUES (17, 17, '2024-01-03 00:00:00', '2024-01-05 00:00:00', 1189.79);
INSERT INTO alquiler (id_alquiler, id_reserva, fecha_entrega, fecha_devolucion, total) VALUES (18, 18, '2024-04-22 00:00:00', '2024-04-25 00:00:00', 1225.75);
INSERT INTO alquiler (id_alquiler, id_reserva, fecha_entrega, fecha_devolucion, total) VALUES (19, 19, '2024-12-22 00:00:00', '2024-12-31 00:00:00', 750.37);
INSERT INTO alquiler (id_alquiler, id_reserva, fecha_entrega, fecha_devolucion, total) VALUES (20, 20, '2024-10-12 00:00:00', '2024-10-16 00:00:00', 1384.46);
INSERT INTO alquiler (id_alquiler, id_reserva, fecha_entrega, fecha_devolucion, total) VALUES (21, 21, '2024-03-03 00:00:00', '2024-03-11 00:00:00', 286.67);
INSERT INTO alquiler (id_alquiler, id_reserva, fecha_entrega, fecha_devolucion, total) VALUES (22, 22, '2024-08-25 00:00:00', '2024-09-03 00:00:00', 1483.05);
INSERT INTO alquiler (id_alquiler, id_reserva, fecha_entrega, fecha_devolucion, total) VALUES (23, 23, '2024-10-31 00:00:00', '2024-11-06 00:00:00', 1430.06);
INSERT INTO alquiler (id_alquiler, id_reserva, fecha_entrega, fecha_devolucion, total) VALUES (24, 24, '2024-08-14 00:00:00', '2024-08-24 00:00:00', 1241.01);
INSERT INTO alquiler (id_alquiler, id_reserva, fecha_entrega, fecha_devolucion, total) VALUES (25, 25, '2024-09-15 00:00:00', '2024-09-22 00:00:00', 1262.8);
INSERT INTO alquiler (id_alquiler, id_reserva, fecha_entrega, fecha_devolucion, total) VALUES (26, 26, '2024-10-07 00:00:00', '2024-10-15 00:00:00', 1356.09);
INSERT INTO alquiler (id_alquiler, id_reserva, fecha_entrega, fecha_devolucion, total) VALUES (27, 27, '2024-08-31 00:00:00', '2024-09-08 00:00:00', 462.87);
INSERT INTO alquiler (id_alquiler, id_reserva, fecha_entrega, fecha_devolucion, total) VALUES (28, 28, '2024-05-06 00:00:00', '2024-05-11 00:00:00', 1172.14);
INSERT INTO alquiler (id_alquiler, id_reserva, fecha_entrega, fecha_devolucion, total) VALUES (29, 29, '2024-09-23 00:00:00', '2024-10-01 00:00:00', 977.45);
INSERT INTO alquiler (id_alquiler, id_reserva, fecha_entrega, fecha_devolucion, total) VALUES (30, 30, '2024-05-20 00:00:00', '2024-05-28 00:00:00', 208.48);
INSERT INTO alquiler (id_alquiler, id_reserva, fecha_entrega, fecha_devolucion, total) VALUES (31, 31, '2024-05-26 00:00:00', '2024-05-30 00:00:00', 480.4);
INSERT INTO alquiler (id_alquiler, id_reserva, fecha_entrega, fecha_devolucion, total) VALUES (32, 32, '2024-06-12 00:00:00', '2024-06-21 00:00:00', 212.81);
INSERT INTO alquiler (id_alquiler, id_reserva, fecha_entrega, fecha_devolucion, total) VALUES (33, 33, '2024-03-18 00:00:00', '2024-03-22 00:00:00', 636.25);
INSERT INTO alquiler (id_alquiler, id_reserva, fecha_entrega, fecha_devolucion, total) VALUES (34, 34, '2024-03-19 00:00:00', '2024-03-23 00:00:00', 189.92);
INSERT INTO alquiler (id_alquiler, id_reserva, fecha_entrega, fecha_devolucion, total) VALUES (35, 35, '2024-07-27 00:00:00', '2024-08-02 00:00:00', 859.66);
INSERT INTO alquiler (id_alquiler, id_reserva, fecha_entrega, fecha_devolucion, total) VALUES (36, 36, '2024-07-31 00:00:00', '2024-08-01 00:00:00', 389.57);
INSERT INTO alquiler (id_alquiler, id_reserva, fecha_entrega, fecha_devolucion, total) VALUES (37, 37, '2024-08-03 00:00:00', '2024-08-10 00:00:00', 1366.77);
INSERT INTO alquiler (id_alquiler, id_reserva, fecha_entrega, fecha_devolucion, total) VALUES (38, 38, '2024-10-26 00:00:00', '2024-10-27 00:00:00', 1299.42);
INSERT INTO alquiler (id_alquiler, id_reserva, fecha_entrega, fecha_devolucion, total) VALUES (39, 39, '2024-10-21 00:00:00', '2024-10-28 00:00:00', 767.77);
INSERT INTO alquiler (id_alquiler, id_reserva, fecha_entrega, fecha_devolucion, total) VALUES (40, 40, '2024-06-29 00:00:00', '2024-07-04 00:00:00', 1154.87);
INSERT INTO alquiler (id_alquiler, id_reserva, fecha_entrega, fecha_devolucion, total) VALUES (41, 41, '2024-08-02 00:00:00', '2024-08-11 00:00:00', 1146.52);
INSERT INTO alquiler (id_alquiler, id_reserva, fecha_entrega, fecha_devolucion, total) VALUES (42, 42, '2024-10-06 00:00:00', '2024-10-16 00:00:00', 1356.94);
INSERT INTO alquiler (id_alquiler, id_reserva, fecha_entrega, fecha_devolucion, total) VALUES (43, 43, '2024-09-06 00:00:00', '2024-09-10 00:00:00', 482.11);
INSERT INTO alquiler (id_alquiler, id_reserva, fecha_entrega, fecha_devolucion, total) VALUES (44, 44, '2024-09-05 00:00:00', '2024-09-06 00:00:00', 644.4);
INSERT INTO alquiler (id_alquiler, id_reserva, fecha_entrega, fecha_devolucion, total) VALUES (45, 45, '2024-12-08 00:00:00', '2024-12-15 00:00:00', 1113.85);
INSERT INTO alquiler (id_alquiler, id_reserva, fecha_entrega, fecha_devolucion, total) VALUES (46, 46, '2024-08-27 00:00:00', '2024-08-30 00:00:00', 1473.01);
INSERT INTO alquiler (id_alquiler, id_reserva, fecha_entrega, fecha_devolucion, total) VALUES (47, 47, '2024-09-30 00:00:00', '2024-10-01 00:00:00', 1369.7);
INSERT INTO alquiler (id_alquiler, id_reserva, fecha_entrega, fecha_devolucion, total) VALUES (48, 48, '2024-10-30 00:00:00', '2024-11-09 00:00:00', 1028.2);
INSERT INTO alquiler (id_alquiler, id_reserva, fecha_entrega, fecha_devolucion, total) VALUES (49, 49, '2024-02-12 00:00:00', '2024-02-19 00:00:00', 289.98);
INSERT INTO alquiler (id_alquiler, id_reserva, fecha_entrega, fecha_devolucion, total) VALUES (50, 50, '2024-08-24 00:00:00', '2024-08-27 00:00:00', 170.4);
INSERT INTO alquiler (id_alquiler, id_reserva, fecha_entrega, fecha_devolucion, total) VALUES (51, 51, '2024-07-13 00:00:00', '2024-07-19 00:00:00', 396.32);
INSERT INTO alquiler (id_alquiler, id_reserva, fecha_entrega, fecha_devolucion, total) VALUES (52, 52, '2024-06-16 00:00:00', '2024-06-22 00:00:00', 1165.72);
INSERT INTO alquiler (id_alquiler, id_reserva, fecha_entrega, fecha_devolucion, total) VALUES (53, 53, '2024-07-13 00:00:00', '2024-07-18 00:00:00', 1152.81);
INSERT INTO alquiler (id_alquiler, id_reserva, fecha_entrega, fecha_devolucion, total) VALUES (54, 54, '2024-08-03 00:00:00', '2024-08-08 00:00:00', 1268.88);
INSERT INTO alquiler (id_alquiler, id_reserva, fecha_entrega, fecha_devolucion, total) VALUES (55, 55, '2024-08-28 00:00:00', '2024-08-29 00:00:00', 1148.63);
INSERT INTO alquiler (id_alquiler, id_reserva, fecha_entrega, fecha_devolucion, total) VALUES (56, 56, '2024-01-27 00:00:00', '2024-02-02 00:00:00', 413.91);
INSERT INTO alquiler (id_alquiler, id_reserva, fecha_entrega, fecha_devolucion, total) VALUES (57, 57, '2024-02-05 00:00:00', '2024-02-06 00:00:00', 1155.93);
INSERT INTO alquiler (id_alquiler, id_reserva, fecha_entrega, fecha_devolucion, total) VALUES (58, 58, '2024-05-06 00:00:00', '2024-05-10 00:00:00', 1274.92);
INSERT INTO alquiler (id_alquiler, id_reserva, fecha_entrega, fecha_devolucion, total) VALUES (59, 59, '2024-11-14 00:00:00', '2024-11-17 00:00:00', 433.96);
INSERT INTO alquiler (id_alquiler, id_reserva, fecha_entrega, fecha_devolucion, total) VALUES (60, 60, '2024-08-30 00:00:00', '2024-09-01 00:00:00', 889.56);
INSERT INTO alquiler (id_alquiler, id_reserva, fecha_entrega, fecha_devolucion, total) VALUES (61, 61, '2024-04-21 00:00:00', '2024-04-29 00:00:00', 1079.25);
INSERT INTO alquiler (id_alquiler, id_reserva, fecha_entrega, fecha_devolucion, total) VALUES (62, 62, '2024-07-07 00:00:00', '2024-07-10 00:00:00', 948.25);
INSERT INTO alquiler (id_alquiler, id_reserva, fecha_entrega, fecha_devolucion, total) VALUES (63, 63, '2024-02-28 00:00:00', '2024-03-02 00:00:00', 1450.61);
INSERT INTO alquiler (id_alquiler, id_reserva, fecha_entrega, fecha_devolucion, total) VALUES (64, 64, '2024-02-25 00:00:00', '2024-03-06 00:00:00', 135.95);
INSERT INTO alquiler (id_alquiler, id_reserva, fecha_entrega, fecha_devolucion, total) VALUES (65, 65, '2024-06-08 00:00:00', '2024-06-18 00:00:00', 1048.29);
INSERT INTO alquiler (id_alquiler, id_reserva, fecha_entrega, fecha_devolucion, total) VALUES (66, 66, '2024-07-11 00:00:00', '2024-07-18 00:00:00', 1418.06);
INSERT INTO alquiler (id_alquiler, id_reserva, fecha_entrega, fecha_devolucion, total) VALUES (67, 67, '2024-04-11 00:00:00', '2024-04-13 00:00:00', 928.94);
INSERT INTO alquiler (id_alquiler, id_reserva, fecha_entrega, fecha_devolucion, total) VALUES (68, 68, '2024-11-17 00:00:00', '2024-11-21 00:00:00', 242.66);
INSERT INTO alquiler (id_alquiler, id_reserva, fecha_entrega, fecha_devolucion, total) VALUES (69, 69, '2024-06-03 00:00:00', '2024-06-13 00:00:00', 1227.74);
INSERT INTO alquiler (id_alquiler, id_reserva, fecha_entrega, fecha_devolucion, total) VALUES (70, 70, '2024-10-16 00:00:00', '2024-10-17 00:00:00', 586.09);
INSERT INTO alquiler (id_alquiler, id_reserva, fecha_entrega, fecha_devolucion, total) VALUES (71, 71, '2024-08-07 00:00:00', '2024-08-13 00:00:00', 196.54);
INSERT INTO alquiler (id_alquiler, id_reserva, fecha_entrega, fecha_devolucion, total) VALUES (72, 72, '2024-11-27 00:00:00', '2024-12-03 00:00:00', 117.71);
INSERT INTO alquiler (id_alquiler, id_reserva, fecha_entrega, fecha_devolucion, total) VALUES (73, 73, '2024-08-03 00:00:00', '2024-08-11 00:00:00', 247.75);
INSERT INTO alquiler (id_alquiler, id_reserva, fecha_entrega, fecha_devolucion, total) VALUES (74, 74, '2024-07-04 00:00:00', '2024-07-12 00:00:00', 1090.23);
INSERT INTO alquiler (id_alquiler, id_reserva, fecha_entrega, fecha_devolucion, total) VALUES (75, 75, '2024-08-10 00:00:00', '2024-08-13 00:00:00', 1127.31);
INSERT INTO alquiler (id_alquiler, id_reserva, fecha_entrega, fecha_devolucion, total) VALUES (76, 76, '2024-11-29 00:00:00', '2024-12-04 00:00:00', 962.28);
INSERT INTO alquiler (id_alquiler, id_reserva, fecha_entrega, fecha_devolucion, total) VALUES (77, 77, '2024-10-02 00:00:00', '2024-10-10 00:00:00', 750.82);
INSERT INTO alquiler (id_alquiler, id_reserva, fecha_entrega, fecha_devolucion, total) VALUES (78, 78, '2024-10-30 00:00:00', '2024-11-04 00:00:00', 551.23);
INSERT INTO alquiler (id_alquiler, id_reserva, fecha_entrega, fecha_devolucion, total) VALUES (79, 79, '2024-05-05 00:00:00', '2024-05-07 00:00:00', 490.5);
INSERT INTO alquiler (id_alquiler, id_reserva, fecha_entrega, fecha_devolucion, total) VALUES (80, 80, '2024-08-18 00:00:00', '2024-08-22 00:00:00', 1150.67);
INSERT INTO alquiler (id_alquiler, id_reserva, fecha_entrega, fecha_devolucion, total) VALUES (81, 81, '2024-10-18 00:00:00', '2024-10-28 00:00:00', 1035.46);
INSERT INTO alquiler (id_alquiler, id_reserva, fecha_entrega, fecha_devolucion, total) VALUES (82, 82, '2024-06-21 00:00:00', '2024-06-22 00:00:00', 792.03);
INSERT INTO alquiler (id_alquiler, id_reserva, fecha_entrega, fecha_devolucion, total) VALUES (83, 83, '2024-06-15 00:00:00', '2024-06-18 00:00:00', 782.57);
INSERT INTO alquiler (id_alquiler, id_reserva, fecha_entrega, fecha_devolucion, total) VALUES (84, 84, '2024-06-30 00:00:00', '2024-07-05 00:00:00', 576.47);
INSERT INTO alquiler (id_alquiler, id_reserva, fecha_entrega, fecha_devolucion, total) VALUES (85, 85, '2024-11-01 00:00:00', '2024-11-06 00:00:00', 878.11);
INSERT INTO alquiler (id_alquiler, id_reserva, fecha_entrega, fecha_devolucion, total) VALUES (86, 86, '2024-09-21 00:00:00', '2024-09-25 00:00:00', 219.86);
INSERT INTO alquiler (id_alquiler, id_reserva, fecha_entrega, fecha_devolucion, total) VALUES (87, 87, '2024-07-27 00:00:00', '2024-08-04 00:00:00', 877.25);
INSERT INTO alquiler (id_alquiler, id_reserva, fecha_entrega, fecha_devolucion, total) VALUES (88, 88, '2024-05-03 00:00:00', '2024-05-11 00:00:00', 1004.26);
INSERT INTO alquiler (id_alquiler, id_reserva, fecha_entrega, fecha_devolucion, total) VALUES (89, 89, '2024-09-08 00:00:00', '2024-09-16 00:00:00', 1210.11);
INSERT INTO alquiler (id_alquiler, id_reserva, fecha_entrega, fecha_devolucion, total) VALUES (90, 90, '2024-02-17 00:00:00', '2024-02-22 00:00:00', 410.23);
INSERT INTO alquiler (id_alquiler, id_reserva, fecha_entrega, fecha_devolucion, total) VALUES (91, 91, '2024-12-20 00:00:00', '2024-12-24 00:00:00', 528.69);
INSERT INTO alquiler (id_alquiler, id_reserva, fecha_entrega, fecha_devolucion, total) VALUES (92, 92, '2024-10-24 00:00:00', '2024-10-30 00:00:00', 762.56);
INSERT INTO alquiler (id_alquiler, id_reserva, fecha_entrega, fecha_devolucion, total) VALUES (93, 93, '2024-09-28 00:00:00', '2024-10-04 00:00:00', 695.71);
INSERT INTO alquiler (id_alquiler, id_reserva, fecha_entrega, fecha_devolucion, total) VALUES (94, 94, '2024-10-08 00:00:00', '2024-10-14 00:00:00', 592.53);
INSERT INTO alquiler (id_alquiler, id_reserva, fecha_entrega, fecha_devolucion, total) VALUES (95, 95, '2024-08-20 00:00:00', '2024-08-25 00:00:00', 529.27);
INSERT INTO alquiler (id_alquiler, id_reserva, fecha_entrega, fecha_devolucion, total) VALUES (96, 96, '2024-04-28 00:00:00', '2024-04-30 00:00:00', 1109.8);
INSERT INTO alquiler (id_alquiler, id_reserva, fecha_entrega, fecha_devolucion, total) VALUES (97, 97, '2024-06-10 00:00:00', '2024-06-12 00:00:00', 1140.03);
INSERT INTO alquiler (id_alquiler, id_reserva, fecha_entrega, fecha_devolucion, total) VALUES (98, 98, '2024-12-19 00:00:00', '2024-12-22 00:00:00', 368.16);
INSERT INTO alquiler (id_alquiler, id_reserva, fecha_entrega, fecha_devolucion, total) VALUES (99, 99, '2024-09-04 00:00:00', '2024-09-09 00:00:00', 1114.42);
INSERT INTO alquiler (id_alquiler, id_reserva, fecha_entrega, fecha_devolucion, total) VALUES (100, 100, '2024-09-25 00:00:00', '2024-10-05 00:00:00', 496.2);

-- Pagos
INSERT INTO pago (id_pago, id_alquiler, monto, fecha_pago, metodo) VALUES (1, 1, 195.76, '2024-04-09 00:00:00', 'Transferencia');
INSERT INTO pago (id_pago, id_alquiler, monto, fecha_pago, metodo) VALUES (2, 2, 379.85, '2024-04-01 00:00:00', 'Transferencia');
INSERT INTO pago (id_pago, id_alquiler, monto, fecha_pago, metodo) VALUES (3, 3, 70.52, '2024-09-30 00:00:00', 'Tarjeta de Crédito');
INSERT INTO pago (id_pago, id_alquiler, monto, fecha_pago, metodo) VALUES (4, 4, 447.75, '2024-01-28 00:00:00', 'Transferencia');
INSERT INTO pago (id_pago, id_alquiler, monto, fecha_pago, metodo) VALUES (5, 5, 1061.26, '2024-03-05 00:00:00', 'Débito');
INSERT INTO pago (id_pago, id_alquiler, monto, fecha_pago, metodo) VALUES (6, 6, 198.75, '2024-01-07 00:00:00', 'Transferencia');
INSERT INTO pago (id_pago, id_alquiler, monto, fecha_pago, metodo) VALUES (7, 7, 730.63, '2024-08-13 00:00:00', 'Transferencia');
INSERT INTO pago (id_pago, id_alquiler, monto, fecha_pago, metodo) VALUES (8, 8, 317.33, '2024-01-27 00:00:00', 'Transferencia');
INSERT INTO pago (id_pago, id_alquiler, monto, fecha_pago, metodo) VALUES (9, 9, 1414.54, '2024-09-01 00:00:00', 'Efectivo');
INSERT INTO pago (id_pago, id_alquiler, monto, fecha_pago, metodo) VALUES (10, 10, 1242.07, '2024-07-24 00:00:00', 'Débito');
INSERT INTO pago (id_pago, id_alquiler, monto, fecha_pago, metodo) VALUES (11, 11, 157.42, '2024-11-18 00:00:00', 'Efectivo');
INSERT INTO pago (id_pago, id_alquiler, monto, fecha_pago, metodo) VALUES (12, 12, 270.0, '2024-10-15 00:00:00', 'Transferencia');
INSERT INTO pago (id_pago, id_alquiler, monto, fecha_pago, metodo) VALUES (13, 13, 173.51, '2024-05-07 00:00:00', 'Efectivo');
INSERT INTO pago (id_pago, id_alquiler, monto, fecha_pago, metodo) VALUES (14, 14, 859.21, '2024-08-01 00:00:00', 'Tarjeta de Crédito');
INSERT INTO pago (id_pago, id_alquiler, monto, fecha_pago, metodo) VALUES (15, 15, 1174.76, '2024-07-13 00:00:00', 'Débito');
INSERT INTO pago (id_pago, id_alquiler, monto, fecha_pago, metodo) VALUES (16, 16, 1367.33, '2024-06-01 00:00:00', 'Débito');
INSERT INTO pago (id_pago, id_alquiler, monto, fecha_pago, metodo) VALUES (17, 17, 492.8, '2024-11-13 00:00:00', 'Efectivo');
INSERT INTO pago (id_pago, id_alquiler, monto, fecha_pago, metodo) VALUES (18, 18, 933.96, '2024-02-20 00:00:00', 'Tarjeta de Crédito');
INSERT INTO pago (id_pago, id_alquiler, monto, fecha_pago, metodo) VALUES (19, 19, 957.0, '2024-05-15 00:00:00', 'Efectivo');
INSERT INTO pago (id_pago, id_alquiler, monto, fecha_pago, metodo) VALUES (20, 20, 277.73, '2024-03-29 00:00:00', 'Efectivo');
INSERT INTO pago (id_pago, id_alquiler, monto, fecha_pago, metodo) VALUES (21, 21, 276.97, '2024-07-28 00:00:00', 'Débito');
INSERT INTO pago (id_pago, id_alquiler, monto, fecha_pago, metodo) VALUES (22, 22, 1049.59, '2024-08-28 00:00:00', 'Transferencia');
INSERT INTO pago (id_pago, id_alquiler, monto, fecha_pago, metodo) VALUES (23, 23, 97.33, '2024-05-27 00:00:00', 'Transferencia');
INSERT INTO pago (id_pago, id_alquiler, monto, fecha_pago, metodo) VALUES (24, 24, 1069.33, '2024-08-20 00:00:00', 'Efectivo');
INSERT INTO pago (id_pago, id_alquiler, monto, fecha_pago, metodo) VALUES (25, 25, 1046.71, '2024-05-15 00:00:00', 'Tarjeta de Crédito');
INSERT INTO pago (id_pago, id_alquiler, monto, fecha_pago, metodo) VALUES (26, 26, 666.45, '2024-10-05 00:00:00', 'Tarjeta de Crédito');
INSERT INTO pago (id_pago, id_alquiler, monto, fecha_pago, metodo) VALUES (27, 27, 989.07, '2024-05-16 00:00:00', 'Tarjeta de Crédito');
INSERT INTO pago (id_pago, id_alquiler, monto, fecha_pago, metodo) VALUES (28, 28, 153.54, '2024-03-25 00:00:00', 'Transferencia');
INSERT INTO pago (id_pago, id_alquiler, monto, fecha_pago, metodo) VALUES (29, 29, 912.81, '2024-10-18 00:00:00', 'Transferencia');
INSERT INTO pago (id_pago, id_alquiler, monto, fecha_pago, metodo) VALUES (30, 30, 686.77, '2024-08-27 00:00:00', 'Transferencia');
INSERT INTO pago (id_pago, id_alquiler, monto, fecha_pago, metodo) VALUES (31, 31, 1064.61, '2024-05-19 00:00:00', 'Débito');
INSERT INTO pago (id_pago, id_alquiler, monto, fecha_pago, metodo) VALUES (32, 32, 684.75, '2024-11-02 00:00:00', 'Efectivo');
INSERT INTO pago (id_pago, id_alquiler, monto, fecha_pago, metodo) VALUES (33, 33, 1339.66, '2024-06-14 00:00:00', 'Transferencia');
INSERT INTO pago (id_pago, id_alquiler, monto, fecha_pago, metodo) VALUES (34, 34, 87.5, '2024-04-27 00:00:00', 'Efectivo');
INSERT INTO pago (id_pago, id_alquiler, monto, fecha_pago, metodo) VALUES (35, 35, 1499.38, '2024-12-10 00:00:00', 'Transferencia');
INSERT INTO pago (id_pago, id_alquiler, monto, fecha_pago, metodo) VALUES (36, 36, 885.56, '2024-03-30 00:00:00', 'Débito');
INSERT INTO pago (id_pago, id_alquiler, monto, fecha_pago, metodo) VALUES (37, 37, 802.5, '2024-08-14 00:00:00', 'Transferencia');
INSERT INTO pago (id_pago, id_alquiler, monto, fecha_pago, metodo) VALUES (38, 38, 313.16, '2024-10-26 00:00:00', 'Débito');
INSERT INTO pago (id_pago, id_alquiler, monto, fecha_pago, metodo) VALUES (39, 39, 970.44, '2024-09-08 00:00:00', 'Efectivo');
INSERT INTO pago (id_pago, id_alquiler, monto, fecha_pago, metodo) VALUES (40, 40, 731.52, '2024-07-28 00:00:00', 'Transferencia');
INSERT INTO pago (id_pago, id_alquiler, monto, fecha_pago, metodo) VALUES (41, 41, 515.53, '2024-02-23 00:00:00', 'Tarjeta de Crédito');
INSERT INTO pago (id_pago, id_alquiler, monto, fecha_pago, metodo) VALUES (42, 42, 528.22, '2024-12-21 00:00:00', 'Débito');
INSERT INTO pago (id_pago, id_alquiler, monto, fecha_pago, metodo) VALUES (43, 43, 467.92, '2024-07-24 00:00:00', 'Efectivo');
INSERT INTO pago (id_pago, id_alquiler, monto, fecha_pago, metodo) VALUES (44, 44, 709.5, '2024-06-10 00:00:00', 'Transferencia');
INSERT INTO pago (id_pago, id_alquiler, monto, fecha_pago, metodo) VALUES (45, 45, 518.75, '2024-07-25 00:00:00', 'Efectivo');
INSERT INTO pago (id_pago, id_alquiler, monto, fecha_pago, metodo) VALUES (46, 46, 1003.61, '2024-10-04 00:00:00', 'Débito');
INSERT INTO pago (id_pago, id_alquiler, monto, fecha_pago, metodo) VALUES (47, 47, 649.21, '2024-04-06 00:00:00', 'Transferencia');
INSERT INTO pago (id_pago, id_alquiler, monto, fecha_pago, metodo) VALUES (48, 48, 952.82, '2024-09-12 00:00:00', 'Débito');
INSERT INTO pago (id_pago, id_alquiler, monto, fecha_pago, metodo) VALUES (49, 49, 1151.99, '2024-04-14 00:00:00', 'Transferencia');
INSERT INTO pago (id_pago, id_alquiler, monto, fecha_pago, metodo) VALUES (50, 50, 846.37, '2024-05-27 00:00:00', 'Débito');
INSERT INTO pago (id_pago, id_alquiler, monto, fecha_pago, metodo) VALUES (51, 51, 1327.23, '2024-09-05 00:00:00', 'Efectivo');
INSERT INTO pago (id_pago, id_alquiler, monto, fecha_pago, metodo) VALUES (52, 52, 91.86, '2024-11-18 00:00:00', 'Tarjeta de Crédito');
INSERT INTO pago (id_pago, id_alquiler, monto, fecha_pago, metodo) VALUES (53, 53, 1079.19, '2024-06-08 00:00:00', 'Efectivo');
INSERT INTO pago (id_pago, id_alquiler, monto, fecha_pago, metodo) VALUES (54, 54, 850.76, '2024-02-17 00:00:00', 'Tarjeta de Crédito');
INSERT INTO pago (id_pago, id_alquiler, monto, fecha_pago, metodo) VALUES (55, 55, 1488.77, '2024-02-28 00:00:00', 'Débito');
INSERT INTO pago (id_pago, id_alquiler, monto, fecha_pago, metodo) VALUES (56, 56, 1423.24, '2024-11-27 00:00:00', 'Tarjeta de Crédito');
INSERT INTO pago (id_pago, id_alquiler, monto, fecha_pago, metodo) VALUES (57, 57, 772.64, '2025-01-01 00:00:00', 'Transferencia');
INSERT INTO pago (id_pago, id_alquiler, monto, fecha_pago, metodo) VALUES (58, 58, 787.86, '2024-05-19 00:00:00', 'Débito');
INSERT INTO pago (id_pago, id_alquiler, monto, fecha_pago, metodo) VALUES (59, 59, 1260.35, '2024-08-29 00:00:00', 'Tarjeta de Crédito');
INSERT INTO pago (id_pago, id_alquiler, monto, fecha_pago, metodo) VALUES (60, 60, 712.34, '2024-03-15 00:00:00', 'Débito');
INSERT INTO pago (id_pago, id_alquiler, monto, fecha_pago, metodo) VALUES (61, 61, 326.39, '2024-11-02 00:00:00', 'Tarjeta de Crédito');
INSERT INTO pago (id_pago, id_alquiler, monto, fecha_pago, metodo) VALUES (62, 62, 1302.84, '2024-05-21 00:00:00', 'Débito');
INSERT INTO pago (id_pago, id_alquiler, monto, fecha_pago, metodo) VALUES (63, 63, 542.82, '2024-09-16 00:00:00', 'Transferencia');
INSERT INTO pago (id_pago, id_alquiler, monto, fecha_pago, metodo) VALUES (64, 64, 1239.8, '2024-05-24 00:00:00', 'Transferencia');
INSERT INTO pago (id_pago, id_alquiler, monto, fecha_pago, metodo) VALUES (65, 65, 1264.34, '2024-10-23 00:00:00', 'Débito');
INSERT INTO pago (id_pago, id_alquiler, monto, fecha_pago, metodo) VALUES (66, 66, 1304.63, '2024-08-16 00:00:00', 'Débito');
INSERT INTO pago (id_pago, id_alquiler, monto, fecha_pago, metodo) VALUES (67, 67, 550.43, '2024-10-09 00:00:00', 'Débito');
INSERT INTO pago (id_pago, id_alquiler, monto, fecha_pago, metodo) VALUES (68, 68, 710.25, '2024-06-13 00:00:00', 'Tarjeta de Crédito');
INSERT INTO pago (id_pago, id_alquiler, monto, fecha_pago, metodo) VALUES (69, 69, 1472.12, '2024-05-02 00:00:00', 'Débito');
INSERT INTO pago (id_pago, id_alquiler, monto, fecha_pago, metodo) VALUES (70, 70, 388.67, '2024-07-29 00:00:00', 'Efectivo');
INSERT INTO pago (id_pago, id_alquiler, monto, fecha_pago, metodo) VALUES (71, 71, 511.36, '2024-08-30 00:00:00', 'Débito');
INSERT INTO pago (id_pago, id_alquiler, monto, fecha_pago, metodo) VALUES (72, 72, 609.81, '2024-12-05 00:00:00', 'Tarjeta de Crédito');
INSERT INTO pago (id_pago, id_alquiler, monto, fecha_pago, metodo) VALUES (73, 73, 768.23, '2024-01-19 00:00:00', 'Tarjeta de Crédito');
INSERT INTO pago (id_pago, id_alquiler, monto, fecha_pago, metodo) VALUES (74, 74, 778.32, '2024-10-29 00:00:00', 'Transferencia');
INSERT INTO pago (id_pago, id_alquiler, monto, fecha_pago, metodo) VALUES (75, 75, 1311.07, '2024-08-13 00:00:00', 'Efectivo');
INSERT INTO pago (id_pago, id_alquiler, monto, fecha_pago, metodo) VALUES (76, 76, 812.63, '2024-08-21 00:00:00', 'Efectivo');
INSERT INTO pago (id_pago, id_alquiler, monto, fecha_pago, metodo) VALUES (77, 77, 1097.54, '2024-07-28 00:00:00', 'Tarjeta de Crédito');
INSERT INTO pago (id_pago, id_alquiler, monto, fecha_pago, metodo) VALUES (78, 78, 158.5, '2024-05-15 00:00:00', 'Transferencia');
INSERT INTO pago (id_pago, id_alquiler, monto, fecha_pago, metodo) VALUES (79, 79, 953.73, '2024-07-22 00:00:00', 'Efectivo');
INSERT INTO pago (id_pago, id_alquiler, monto, fecha_pago, metodo) VALUES (80, 80, 1285.06, '2024-12-11 00:00:00', 'Débito');
INSERT INTO pago (id_pago, id_alquiler, monto, fecha_pago, metodo) VALUES (81, 81, 1433.5, '2024-11-16 00:00:00', 'Débito');
INSERT INTO pago (id_pago, id_alquiler, monto, fecha_pago, metodo) VALUES (82, 82, 1314.96, '2024-01-19 00:00:00', 'Efectivo');
INSERT INTO pago (id_pago, id_alquiler, monto, fecha_pago, metodo) VALUES (83, 83, 390.42, '2024-12-16 00:00:00', 'Transferencia');
INSERT INTO pago (id_pago, id_alquiler, monto, fecha_pago, metodo) VALUES (84, 84, 1496.27, '2024-02-16 00:00:00', 'Débito');
INSERT INTO pago (id_pago, id_alquiler, monto, fecha_pago, metodo) VALUES (85, 85, 1468.59, '2024-11-20 00:00:00', 'Efectivo');
INSERT INTO pago (id_pago, id_alquiler, monto, fecha_pago, metodo) VALUES (86, 86, 693.33, '2024-12-21 00:00:00', 'Transferencia');
INSERT INTO pago (id_pago, id_alquiler, monto, fecha_pago, metodo) VALUES (87, 87, 1359.96, '2024-01-24 00:00:00', 'Transferencia');
INSERT INTO pago (id_pago, id_alquiler, monto, fecha_pago, metodo) VALUES (88, 88, 1204.41, '2024-05-30 00:00:00', 'Transferencia');
INSERT INTO pago (id_pago, id_alquiler, monto, fecha_pago, metodo) VALUES (89, 89, 593.52, '2024-03-15 00:00:00', 'Tarjeta de Crédito');
INSERT INTO pago (id_pago, id_alquiler, monto, fecha_pago, metodo) VALUES (90, 90, 820.19, '2024-10-16 00:00:00', 'Tarjeta de Crédito');
INSERT INTO pago (id_pago, id_alquiler, monto, fecha_pago, metodo) VALUES (91, 91, 296.48, '2024-02-10 00:00:00', 'Débito');
INSERT INTO pago (id_pago, id_alquiler, monto, fecha_pago, metodo) VALUES (92, 92, 948.58, '2024-05-03 00:00:00', 'Débito');
INSERT INTO pago (id_pago, id_alquiler, monto, fecha_pago, metodo) VALUES (93, 93, 1373.6, '2024-03-14 00:00:00', 'Tarjeta de Crédito');
INSERT INTO pago (id_pago, id_alquiler, monto, fecha_pago, metodo) VALUES (94, 94, 718.67, '2024-05-10 00:00:00', 'Débito');
INSERT INTO pago (id_pago, id_alquiler, monto, fecha_pago, metodo) VALUES (95, 95, 420.22, '2024-01-05 00:00:00', 'Débito');
INSERT INTO pago (id_pago, id_alquiler, monto, fecha_pago, metodo) VALUES (96, 96, 1356.75, '2024-12-12 00:00:00', 'Tarjeta de Crédito');
INSERT INTO pago (id_pago, id_alquiler, monto, fecha_pago, metodo) VALUES (97, 97, 157.1, '2024-06-25 00:00:00', 'Transferencia');
INSERT INTO pago (id_pago, id_alquiler, monto, fecha_pago, metodo) VALUES (98, 98, 976.46, '2024-08-05 00:00:00', 'Transferencia');
INSERT INTO pago (id_pago, id_alquiler, monto, fecha_pago, metodo) VALUES (99, 99, 712.41, '2024-06-03 00:00:00', 'Tarjeta de Crédito');
INSERT INTO pago (id_pago, id_alquiler, monto, fecha_pago, metodo) VALUES (100, 100, 1499.09, '2024-09-04 00:00:00', 'Efectivo');

-- Mantenimientos
INSERT INTO mantenimiento (id_mantenimiento, id_vehiculo, descripcion, fecha, costo) VALUES (1, 61, 'Gun relationship paper me short value collection.', '2024-07-14 00:00:00', 307.37);
INSERT INTO mantenimiento (id_mantenimiento, id_vehiculo, descripcion, fecha, costo) VALUES (2, 148, 'Find same then its our happy four.', '2024-05-31 00:00:00', 496.71);
INSERT INTO mantenimiento (id_mantenimiento, id_vehiculo, descripcion, fecha, costo) VALUES (3, 76, 'Research because music firm approach difficult.', '2024-01-12 00:00:00', 490.08);
INSERT INTO mantenimiento (id_mantenimiento, id_vehiculo, descripcion, fecha, costo) VALUES (4, 169, 'Get well former eat.', '2024-07-21 00:00:00', 173.52);
INSERT INTO mantenimiento (id_mantenimiento, id_vehiculo, descripcion, fecha, costo) VALUES (5, 145, 'Hundred indeed cultural executive look friend worker oil.', '2024-12-17 00:00:00', 400.24);
INSERT INTO mantenimiento (id_mantenimiento, id_vehiculo, descripcion, fecha, costo) VALUES (6, 13, 'Seem determine especially.', '2024-11-06 00:00:00', 385.33);
INSERT INTO mantenimiento (id_mantenimiento, id_vehiculo, descripcion, fecha, costo) VALUES (7, 74, 'Product better bad fire.', '2024-04-27 00:00:00', 323.18);
INSERT INTO mantenimiento (id_mantenimiento, id_vehiculo, descripcion, fecha, costo) VALUES (8, 91, 'Common study note.', '2024-04-22 00:00:00', 336.48);
INSERT INTO mantenimiento (id_mantenimiento, id_vehiculo, descripcion, fecha, costo) VALUES (9, 159, 'Foot sense leader letter yeah often old phone.', '2024-05-08 00:00:00', 354.99);
INSERT INTO mantenimiento (id_mantenimiento, id_vehiculo, descripcion, fecha, costo) VALUES (10, 185, 'Unit contain woman street data myself still.', '2024-12-03 00:00:00', 356.38);
INSERT INTO mantenimiento (id_mantenimiento, id_vehiculo, descripcion, fecha, costo) VALUES (11, 36, 'Back report tax bad over if bring teacher.', '2024-11-17 00:00:00', 93.72);
INSERT INTO mantenimiento (id_mantenimiento, id_vehiculo, descripcion, fecha, costo) VALUES (12, 161, 'Baby second light occur west mouth.', '2024-11-26 00:00:00', 67.74);
INSERT INTO mantenimiento (id_mantenimiento, id_vehiculo, descripcion, fecha, costo) VALUES (13, 113, 'Boy free feeling chair.', '2024-01-18 00:00:00', 310.81);
INSERT INTO mantenimiento (id_mantenimiento, id_vehiculo, descripcion, fecha, costo) VALUES (14, 188, 'That picture interest gun order why parent.', '2024-03-08 00:00:00', 90.56);
INSERT INTO mantenimiento (id_mantenimiento, id_vehiculo, descripcion, fecha, costo) VALUES (15, 76, 'A order really notice trouble.', '2024-06-16 00:00:00', 386.37);
INSERT INTO mantenimiento (id_mantenimiento, id_vehiculo, descripcion, fecha, costo) VALUES (16, 45, 'Congress trial now.', '2024-04-12 00:00:00', 109.47);
INSERT INTO mantenimiento (id_mantenimiento, id_vehiculo, descripcion, fecha, costo) VALUES (17, 139, 'May serve tax positive crime carry line make.', '2024-07-06 00:00:00', 288.88);
INSERT INTO mantenimiento (id_mantenimiento, id_vehiculo, descripcion, fecha, costo) VALUES (18, 70, 'Eight adult air either happy work.', '2024-03-25 00:00:00', 165.64);
INSERT INTO mantenimiento (id_mantenimiento, id_vehiculo, descripcion, fecha, costo) VALUES (19, 124, 'Toward word character body director including forget.', '2024-05-31 00:00:00', 385.95);
INSERT INTO mantenimiento (id_mantenimiento, id_vehiculo, descripcion, fecha, costo) VALUES (20, 87, 'Continue federal pass sometimes.', '2024-02-28 00:00:00', 260.75);
INSERT INTO mantenimiento (id_mantenimiento, id_vehiculo, descripcion, fecha, costo) VALUES (21, 20, 'Painting cover occur institution worry stand.', '2024-03-13 00:00:00', 389.37);
INSERT INTO mantenimiento (id_mantenimiento, id_vehiculo, descripcion, fecha, costo) VALUES (22, 58, 'Blood hundred nice soon.', '2024-12-12 00:00:00', 375.9);
INSERT INTO mantenimiento (id_mantenimiento, id_vehiculo, descripcion, fecha, costo) VALUES (23, 102, 'Occur now possible attorney central.', '2024-10-12 00:00:00', 214.6);
INSERT INTO mantenimiento (id_mantenimiento, id_vehiculo, descripcion, fecha, costo) VALUES (24, 102, 'Yet game operation form.', '2024-01-08 00:00:00', 169.01);
INSERT INTO mantenimiento (id_mantenimiento, id_vehiculo, descripcion, fecha, costo) VALUES (25, 32, 'Stop defense material task idea expert.', '2024-08-20 00:00:00', 215.86);
INSERT INTO mantenimiento (id_mantenimiento, id_vehiculo, descripcion, fecha, costo) VALUES (26, 192, 'Force stock ten and far make.', '2024-12-10 00:00:00', 167.97);
INSERT INTO mantenimiento (id_mantenimiento, id_vehiculo, descripcion, fecha, costo) VALUES (27, 98, 'Bank opportunity newspaper suggest movement.', '2024-11-22 00:00:00', 473.13);
INSERT INTO mantenimiento (id_mantenimiento, id_vehiculo, descripcion, fecha, costo) VALUES (28, 28, 'Point good trip run line politics officer.', '2024-12-11 00:00:00', 155.22);
INSERT INTO mantenimiento (id_mantenimiento, id_vehiculo, descripcion, fecha, costo) VALUES (29, 7, 'Off product fish improve become drive.', '2024-11-13 00:00:00', 447.91);
INSERT INTO mantenimiento (id_mantenimiento, id_vehiculo, descripcion, fecha, costo) VALUES (30, 144, 'Well official prevent usually my pretty.', '2024-06-16 00:00:00', 461.87);
INSERT INTO mantenimiento (id_mantenimiento, id_vehiculo, descripcion, fecha, costo) VALUES (31, 57, 'Though law help office happen with state player.', '2024-11-27 00:00:00', 78.45);
INSERT INTO mantenimiento (id_mantenimiento, id_vehiculo, descripcion, fecha, costo) VALUES (32, 119, 'Good price gun up less better affect.', '2024-12-24 00:00:00', 185.99);
INSERT INTO mantenimiento (id_mantenimiento, id_vehiculo, descripcion, fecha, costo) VALUES (33, 105, 'Different lay politics least significant.', '2024-02-29 00:00:00', 112.9);
INSERT INTO mantenimiento (id_mantenimiento, id_vehiculo, descripcion, fecha, costo) VALUES (34, 10, 'Development training specific wind yourself data discover.', '2024-06-04 00:00:00', 498.17);
INSERT INTO mantenimiento (id_mantenimiento, id_vehiculo, descripcion, fecha, costo) VALUES (35, 30, 'Difficult game daughter may member.', '2024-02-19 00:00:00', 155.66);
INSERT INTO mantenimiento (id_mantenimiento, id_vehiculo, descripcion, fecha, costo) VALUES (36, 138, 'Response back see business international include.', '2024-03-10 00:00:00', 224.89);
INSERT INTO mantenimiento (id_mantenimiento, id_vehiculo, descripcion, fecha, costo) VALUES (37, 95, 'Painting because know line mission.', '2024-12-09 00:00:00', 477.22);
INSERT INTO mantenimiento (id_mantenimiento, id_vehiculo, descripcion, fecha, costo) VALUES (38, 179, 'Your court successful.', '2024-10-03 00:00:00', 238.61);
INSERT INTO mantenimiento (id_mantenimiento, id_vehiculo, descripcion, fecha, costo) VALUES (39, 191, 'Kind choice tonight someone small important early.', '2024-03-20 00:00:00', 448.44);
INSERT INTO mantenimiento (id_mantenimiento, id_vehiculo, descripcion, fecha, costo) VALUES (40, 168, 'Whole with hold peace case decade seem.', '2024-02-20 00:00:00', 425.16);
INSERT INTO mantenimiento (id_mantenimiento, id_vehiculo, descripcion, fecha, costo) VALUES (41, 158, 'Social later TV worker political across some.', '2024-07-27 00:00:00', 472.57);
INSERT INTO mantenimiento (id_mantenimiento, id_vehiculo, descripcion, fecha, costo) VALUES (42, 72, 'Will share prevent leave.', '2024-01-17 00:00:00', 360.63);
INSERT INTO mantenimiento (id_mantenimiento, id_vehiculo, descripcion, fecha, costo) VALUES (43, 56, 'Figure defense science they study exactly which window.', '2024-08-15 00:00:00', 250.11);
INSERT INTO mantenimiento (id_mantenimiento, id_vehiculo, descripcion, fecha, costo) VALUES (44, 61, 'Treatment science sort sing.', '2024-07-04 00:00:00', 94.71);
INSERT INTO mantenimiento (id_mantenimiento, id_vehiculo, descripcion, fecha, costo) VALUES (45, 176, 'Story one actually operation whole all young development.', '2024-07-07 00:00:00', 295.01);
INSERT INTO mantenimiento (id_mantenimiento, id_vehiculo, descripcion, fecha, costo) VALUES (46, 166, 'Child daughter gun left.', '2024-07-02 00:00:00', 77.25);
INSERT INTO mantenimiento (id_mantenimiento, id_vehiculo, descripcion, fecha, costo) VALUES (47, 71, 'Different opportunity recognize control return public moment exactly.', '2024-04-07 00:00:00', 485.69);
INSERT INTO mantenimiento (id_mantenimiento, id_vehiculo, descripcion, fecha, costo) VALUES (48, 117, 'Speak crime truth between.', '2024-02-16 00:00:00', 348.25);
INSERT INTO mantenimiento (id_mantenimiento, id_vehiculo, descripcion, fecha, costo) VALUES (49, 165, 'Up likely degree player identify religious bank.', '2024-11-23 00:00:00', 318.72);
INSERT INTO mantenimiento (id_mantenimiento, id_vehiculo, descripcion, fecha, costo) VALUES (50, 6, 'Structure paper pass also century back.', '2024-01-26 00:00:00', 404.06);
INSERT INTO mantenimiento (id_mantenimiento, id_vehiculo, descripcion, fecha, costo) VALUES (51, 63, 'Operation throughout animal reflect.', '2024-03-05 00:00:00', 404.14);
INSERT INTO mantenimiento (id_mantenimiento, id_vehiculo, descripcion, fecha, costo) VALUES (52, 53, 'Action he safe by spend place size.', '2024-02-05 00:00:00', 423.42);
INSERT INTO mantenimiento (id_mantenimiento, id_vehiculo, descripcion, fecha, costo) VALUES (53, 142, 'So oil between middle necessary stuff letter.', '2024-04-16 00:00:00', 313.87);
INSERT INTO mantenimiento (id_mantenimiento, id_vehiculo, descripcion, fecha, costo) VALUES (54, 60, 'Bit ahead thank.', '2024-06-17 00:00:00', 398.47);
INSERT INTO mantenimiento (id_mantenimiento, id_vehiculo, descripcion, fecha, costo) VALUES (55, 153, 'Hold each south value.', '2024-01-02 00:00:00', 174.77);
INSERT INTO mantenimiento (id_mantenimiento, id_vehiculo, descripcion, fecha, costo) VALUES (56, 38, 'Feel upon detail thing such available glass.', '2024-03-07 00:00:00', 293.1);
INSERT INTO mantenimiento (id_mantenimiento, id_vehiculo, descripcion, fecha, costo) VALUES (57, 45, 'Up life man see better.', '2024-02-26 00:00:00', 347.48);
INSERT INTO mantenimiento (id_mantenimiento, id_vehiculo, descripcion, fecha, costo) VALUES (58, 7, 'Doctor thank member.', '2024-03-08 00:00:00', 56.69);
INSERT INTO mantenimiento (id_mantenimiento, id_vehiculo, descripcion, fecha, costo) VALUES (59, 61, 'More here clearly.', '2024-10-28 00:00:00', 195.7);
INSERT INTO mantenimiento (id_mantenimiento, id_vehiculo, descripcion, fecha, costo) VALUES (60, 45, 'Thought peace fly positive data agent.', '2024-05-15 00:00:00', 73.58);
INSERT INTO mantenimiento (id_mantenimiento, id_vehiculo, descripcion, fecha, costo) VALUES (61, 190, 'President small carry down.', '2024-08-03 00:00:00', 286.74);
INSERT INTO mantenimiento (id_mantenimiento, id_vehiculo, descripcion, fecha, costo) VALUES (62, 191, 'Affect father former until.', '2024-02-02 00:00:00', 264.31);
INSERT INTO mantenimiento (id_mantenimiento, id_vehiculo, descripcion, fecha, costo) VALUES (63, 200, 'Fight whether feel.', '2024-07-04 00:00:00', 280.96);
INSERT INTO mantenimiento (id_mantenimiento, id_vehiculo, descripcion, fecha, costo) VALUES (64, 28, 'Program hit thank himself.', '2024-08-19 00:00:00', 276.73);
INSERT INTO mantenimiento (id_mantenimiento, id_vehiculo, descripcion, fecha, costo) VALUES (65, 158, 'Can population world grow.', '2024-01-23 00:00:00', 377.26);
INSERT INTO mantenimiento (id_mantenimiento, id_vehiculo, descripcion, fecha, costo) VALUES (66, 169, 'Other me decade agree government bag.', '2024-09-23 00:00:00', 185.73);
INSERT INTO mantenimiento (id_mantenimiento, id_vehiculo, descripcion, fecha, costo) VALUES (67, 165, 'Laugh agreement some.', '2024-01-16 00:00:00', 77.37);
INSERT INTO mantenimiento (id_mantenimiento, id_vehiculo, descripcion, fecha, costo) VALUES (68, 123, 'Consumer loss his edge notice western.', '2024-07-24 00:00:00', 241.82);
INSERT INTO mantenimiento (id_mantenimiento, id_vehiculo, descripcion, fecha, costo) VALUES (69, 28, 'We happy voice style all get.', '2024-09-08 00:00:00', 370.58);
INSERT INTO mantenimiento (id_mantenimiento, id_vehiculo, descripcion, fecha, costo) VALUES (70, 114, 'Ten outside involve sell investment attention.', '2024-02-07 00:00:00', 454.67);
INSERT INTO mantenimiento (id_mantenimiento, id_vehiculo, descripcion, fecha, costo) VALUES (71, 83, 'Provide his court response much fish.', '2024-11-07 00:00:00', 116.75);
INSERT INTO mantenimiento (id_mantenimiento, id_vehiculo, descripcion, fecha, costo) VALUES (72, 33, 'Industry half usually call important explain spend hit.', '2024-05-20 00:00:00', 330.94);
INSERT INTO mantenimiento (id_mantenimiento, id_vehiculo, descripcion, fecha, costo) VALUES (73, 150, 'Chance box share.', '2024-10-07 00:00:00', 370.47);
INSERT INTO mantenimiento (id_mantenimiento, id_vehiculo, descripcion, fecha, costo) VALUES (74, 98, 'Economy stage role six success rise those conference.', '2024-11-01 00:00:00', 288.75);
INSERT INTO mantenimiento (id_mantenimiento, id_vehiculo, descripcion, fecha, costo) VALUES (75, 117, 'Fly shoulder half before possible theory customer top.', '2024-09-15 00:00:00', 322.44);
INSERT INTO mantenimiento (id_mantenimiento, id_vehiculo, descripcion, fecha, costo) VALUES (76, 26, 'Only much son political system.', '2024-12-25 00:00:00', 101.49);
INSERT INTO mantenimiento (id_mantenimiento, id_vehiculo, descripcion, fecha, costo) VALUES (77, 168, 'Different city travel role couple center.', '2024-11-29 00:00:00', 444.97);
INSERT INTO mantenimiento (id_mantenimiento, id_vehiculo, descripcion, fecha, costo) VALUES (78, 142, 'Such participant put people film.', '2024-04-20 00:00:00', 243.53);
INSERT INTO mantenimiento (id_mantenimiento, id_vehiculo, descripcion, fecha, costo) VALUES (79, 59, 'Dream red environmental speak many reality member.', '2024-07-30 00:00:00', 202.52);
INSERT INTO mantenimiento (id_mantenimiento, id_vehiculo, descripcion, fecha, costo) VALUES (80, 117, 'Although write pull go voice.', '2024-07-23 00:00:00', 237.2);
INSERT INTO mantenimiento (id_mantenimiento, id_vehiculo, descripcion, fecha, costo) VALUES (81, 25, 'Kid blue add yard father small.', '2024-06-09 00:00:00', 242.04);
INSERT INTO mantenimiento (id_mantenimiento, id_vehiculo, descripcion, fecha, costo) VALUES (82, 171, 'Ability upon loss camera food recently apply.', '2024-05-10 00:00:00', 218.44);
INSERT INTO mantenimiento (id_mantenimiento, id_vehiculo, descripcion, fecha, costo) VALUES (83, 40, 'Republican leave speak tonight shoulder.', '2024-12-17 00:00:00', 465.34);
INSERT INTO mantenimiento (id_mantenimiento, id_vehiculo, descripcion, fecha, costo) VALUES (84, 18, 'Sort responsibility part system thing different else.', '2024-02-16 00:00:00', 424.3);
INSERT INTO mantenimiento (id_mantenimiento, id_vehiculo, descripcion, fecha, costo) VALUES (85, 24, 'Indicate then hair heavy effect.', '2024-08-09 00:00:00', 93.45);
INSERT INTO mantenimiento (id_mantenimiento, id_vehiculo, descripcion, fecha, costo) VALUES (86, 190, 'Traditional bank another myself far record young culture.', '2024-07-09 00:00:00', 415.3);
INSERT INTO mantenimiento (id_mantenimiento, id_vehiculo, descripcion, fecha, costo) VALUES (87, 143, 'Term while say natural.', '2024-01-31 00:00:00', 313.91);
INSERT INTO mantenimiento (id_mantenimiento, id_vehiculo, descripcion, fecha, costo) VALUES (88, 144, 'Peace center capital policy control necessary the.', '2024-10-14 00:00:00', 198.34);
INSERT INTO mantenimiento (id_mantenimiento, id_vehiculo, descripcion, fecha, costo) VALUES (89, 32, 'Expect citizen sport future white war cultural.', '2024-07-29 00:00:00', 209.12);
INSERT INTO mantenimiento (id_mantenimiento, id_vehiculo, descripcion, fecha, costo) VALUES (90, 171, 'Federal partner probably early option.', '2024-08-04 00:00:00', 440.64);
INSERT INTO mantenimiento (id_mantenimiento, id_vehiculo, descripcion, fecha, costo) VALUES (91, 185, 'Sometimes expert recently wrong.', '2024-01-27 00:00:00', 485.78);
INSERT INTO mantenimiento (id_mantenimiento, id_vehiculo, descripcion, fecha, costo) VALUES (92, 154, 'While adult without the program your one.', '2024-06-08 00:00:00', 208.24);
INSERT INTO mantenimiento (id_mantenimiento, id_vehiculo, descripcion, fecha, costo) VALUES (93, 148, 'Story skill lay sea.', '2024-09-16 00:00:00', 145.73);
INSERT INTO mantenimiento (id_mantenimiento, id_vehiculo, descripcion, fecha, costo) VALUES (94, 169, 'Music country director already much firm.', '2024-09-03 00:00:00', 150.91);
INSERT INTO mantenimiento (id_mantenimiento, id_vehiculo, descripcion, fecha, costo) VALUES (95, 28, 'Push debate boy believe have sort standard.', '2024-06-28 00:00:00', 430.42);
INSERT INTO mantenimiento (id_mantenimiento, id_vehiculo, descripcion, fecha, costo) VALUES (96, 95, 'Hold teacher manage perform voice.', '2024-02-28 00:00:00', 393.17);
INSERT INTO mantenimiento (id_mantenimiento, id_vehiculo, descripcion, fecha, costo) VALUES (97, 147, 'Very fast attack base.', '2024-04-25 00:00:00', 413.25);
INSERT INTO mantenimiento (id_mantenimiento, id_vehiculo, descripcion, fecha, costo) VALUES (98, 144, 'First month she arrive after perhaps study.', '2024-11-14 00:00:00', 326.11);
INSERT INTO mantenimiento (id_mantenimiento, id_vehiculo, descripcion, fecha, costo) VALUES (99, 165, 'Claim director establish because game grow.', '2024-10-12 00:00:00', 61.81);
INSERT INTO mantenimiento (id_mantenimiento, id_vehiculo, descripcion, fecha, costo) VALUES (100, 169, 'Space to rather commercial.', '2024-12-21 00:00:00', 170.35);
